id,company,title,location,url,is_active,first_seen,last_seen
24,welbehealth,Principal Data Analyst (Healthcare Economics),"Remote, CA, USA",https://job-boards.greenhouse.io/welbehealth/jobs/8617152002,True,2026-07-24 03:56:21.514691,2026-09-13 06:00:57.847802
236,lilasciences,"Staff Engineer, Data Platform","Cambridge, MA USA; San Francisco, CA USA",https://job-boards.greenhouse.io/lilasciences/jobs/4222065009,True,2026-07-24 05:20:30.589478,2026-09-13 06:00:06.985416
18293,roblox,"Senior Engineering Manager, Ads Data Platform","San Mateo, CA, United States",https://careers.roblox.com/jobs/8161954?gh_jid=8161954,True,2026-09-10 06:00:13.378556,2026-09-13 06:00:09.629293
14500,stoketherapeutics,"Senior Manager, Commercial Data Governance & Management","Bedford, Massachusetts, United States; Remote",https://www.stoketherapeutics.com/careers/job-opportunities/?gh_jid=4708362006,True,2026-08-28 06:00:09.360468,2026-09-13 06:00:10.533584
20,doximity,"Data Analyst, Reporting Partnerships","San Francisco, CA or Remote (U.S.)",https://job-boards.greenhouse.io/doximity/jobs/7787892,True,2026-07-24 03:56:20.969157,2026-09-13 06:00:37.540344
16068,lookout, Senior Data Analyst,"Remote, USA",https://www.lookout.com/careers/job-post?gh_jid=8164130,True,2026-09-01 06:00:11.864823,2026-09-13 06:00:11.662002
16069,lookout,Senior Data Analyst,"Remote, Canada",https://www.lookout.com/careers/job-post?gh_jid=8167606,True,2026-09-01 06:00:11.864823,2026-09-13 06:00:11.662002
237,lilasciences,"Technical Program Manager, AI Data","Cambridge, MA USA; San Francisco, CA USA",https://job-boards.greenhouse.io/lilasciences/jobs/4259557009,True,2026-07-24 05:20:30.589478,2026-09-13 06:00:06.985416
5,altentechnologyusa,Data Architect,"Mobile, Alabama, United States",https://job-boards.greenhouse.io/altentechnologyusa/jobs/5192428007,True,2026-07-24 03:56:19.436269,2026-09-13 06:00:30.469736
213,roblox,Senior Software Engineer - Data Access,"San Mateo, CA, United States",https://careers.roblox.com/jobs/7437922?gh_jid=7437922,True,2026-07-24 03:56:35.297012,2026-09-13 06:00:09.629293
17550,roblox,"Senior Software Engineer, Data Engineering (Short Term) ","San Mateo, CA, United States",https://careers.roblox.com/jobs/8174475?gh_jid=8174475,True,2026-09-07 06:00:09.774098,2026-09-13 06:00:09.629293
9725,samsara,"Manager II, Data Platform",Remote - US,https://www.samsara.com/company/careers/roles/7811931?gh_jid=7811931,True,2026-08-07 06:00:40.953901,2026-09-13 06:00:47.336766
19027,veeamsoftware,Data Analytics & Programs Intern - Summer 2027,"Remote, Georgia, USA",https://job-boards.eu.greenhouse.io/veeamsoftware/jobs/4955300101,True,2026-09-13 06:00:10.107671,2026-09-13 06:00:10.107671
14129,cookunity,"Senior Data Analyst, B2B",Argentina (Remote),https://careers.cookunity.com/open-roles?gh_jid=7950649003,True,2026-08-25 06:00:34.946329,2026-09-13 06:00:38.881629
12,perpay,Data Engineer,"Philadelphia, Pennsylvania, United States",https://job-boards.greenhouse.io/perpay/jobs/4089104007,True,2026-07-24 03:56:20.088935,2026-09-13 06:00:49.270599
10743,decimainternational,"Construction Manager – Utility Power & Data Center Infrastructure (On-site) - South Padre Island, TX, or Amarillo, TX","Amarillo, Texas, United States; South Padre Island, Texas, United States",https://job-boards.greenhouse.io/decimainternational/jobs/4703824006,True,2026-08-13 06:00:10.751630,2026-09-13 06:00:12.065074
1095,proconex,Senior Consultant – Data & Digital Manufacturing,"Royersford, Pennsylvania, United States",https://job-boards.greenhouse.io/proconex/jobs/6092671004,True,2026-07-24 05:25:10.959836,2026-09-13 06:00:54.975310
10598,verkada,Software Engineer - Data Platform,"San Mateo, CA United States",https://job-boards.greenhouse.io/verkada/jobs/4129304007,True,2026-08-10 06:00:57.163589,2026-09-13 06:00:58.202497
28,pinterest,"Data Scientist II, Infrastructure","San Francisco, CA, US; Remote, US",https://www.pinterestcareers.com/jobs/?gh_jid=7816424,True,2026-07-24 03:56:21.881819,2026-09-13 06:01:03.988587
324,reddit,Senior Staff Data Scientist - Consumer Experimentation,"Remote - Ontario, Canada",https://job-boards.greenhouse.io/reddit/jobs/7974507,True,2026-07-24 05:20:37.333599,2026-09-13 06:00:19.598003
1,philo,Head of Data,"San Francisco, CA or remote within the U.S.",https://job-boards.greenhouse.io/philo/jobs/7730680,True,2026-07-24 03:56:18.860441,2026-09-13 06:01:05.219771
23,jensenhughes,Financial Data and Analytics Manager,"Columbia, Maryland, United States",https://job-boards.greenhouse.io/jensenhughes/jobs/5361883008,True,2026-07-24 03:56:21.165419,2026-09-13 06:00:25.022753
1215,quinstreet,Senior Data Analyst,United States,https://www.quinstreet.com/careers/?gh_jid=7729687,True,2026-07-24 05:25:20.546479,2026-09-13 06:01:06.353839
13671,sagebionetworks,"Biomedical Research & Data Governance, Associate (L1)",Remote,https://job-boards.greenhouse.io/sagebionetworks/jobs/4375763009,True,2026-08-22 06:00:52.433532,2026-09-10 06:01:46.037074
14,newsela,Contract: Sr. Analytics Engineer - Internal Data ,Remote - Argentina; Brazil;Chile; Costa Rica,https://job-boards.greenhouse.io/newsela/jobs/7818607,True,2026-07-24 03:56:20.364567,2026-09-13 06:00:33.767767
26,datacor,Lead Strategic Account Executive (Datacor Lab Solutions),Remote - US,https://job-boards.greenhouse.io/datacor/jobs/5186569007,True,2026-07-24 03:56:21.697098,2026-09-13 06:00:46.573489
12178,rockstargames,"Senior Data Scientist, Web/Marketing Analytics","Manhattan, New York, United States",https://job-boards.greenhouse.io/rockstargames/jobs/7864697003,True,2026-08-16 06:00:51.611285,2026-09-13 06:01:06.873033
16,coinbase,"Senior Data Scientist, CX Analytics",Remote - USA,https://www.coinbase.com/careers/positions/8009392?gh_jid=8009392,True,2026-07-24 03:56:20.633003,2026-09-13 06:00:18.376304
4009,coinbase,"Senior Software Engineer, Data Engineering Platform",Remote - USA,https://www.coinbase.com/careers/positions/8082199?gh_jid=8082199,True,2026-07-25 06:00:11.066839,2026-09-13 06:00:18.376304
323,reddit,Senior Staff Data Scientist - Consumer Experimentation,Remote - United States,https://job-boards.greenhouse.io/reddit/jobs/7974504,True,2026-07-24 05:20:37.333599,2026-09-13 06:00:19.598003
15377,webflow,Staff Data Engineer,U.S. Remote,https://job-boards.greenhouse.io/webflow/jobs/8165290,True,2026-08-31 06:00:26.847288,2026-09-13 06:00:25.401007
8,vianttechnology,"Principal, Product Manager- Data/ML","Irvine, California, United States; Los Angeles, California, United States",https://job-boards.greenhouse.io/vianttechnology/jobs/4193444009,True,2026-07-24 03:56:19.810513,2026-09-13 06:00:41.453112
16943,woolpert,Microsoft D365 FO ERP Data Analyst II,Remote - United States,https://job-boards.greenhouse.io/woolpert/jobs/4388567009,True,2026-09-04 06:00:21.226124,2026-09-13 06:00:24.751880
14641,life360,"Senior Director, Analytics and Data Science, Core Product & Growth","Remote, USA; Remote, Canada",https://job-boards.greenhouse.io/life360/jobs/8750960002,True,2026-08-28 06:00:28.498340,2026-09-13 06:00:28.535395
10,docugami,Data Science PhD Intern,"Kirkland, Washington, United States",https://job-boards.greenhouse.io/docugami/jobs/4192122003,True,2026-07-24 03:56:19.833579,2026-09-13 06:00:29.369852
15,newsela,Data Engineer ,Remote - US,https://job-boards.greenhouse.io/newsela/jobs/7985789,True,2026-07-24 03:56:20.364567,2026-09-13 06:00:33.767767
1030,samsara,Senior Software Engineer - Data Platform,Remote - Canada,https://www.samsara.com/company/careers/roles/7992889?gh_jid=7992889,True,2026-07-24 05:25:05.441259,2026-09-13 06:00:47.336766
13,perpay,Data Scientist Manager,"Philadelphia, Pennsylvania, United States",https://job-boards.greenhouse.io/perpay/jobs/4946441007,True,2026-07-24 03:56:20.088935,2026-09-13 06:00:49.270599
56,zocdoc,"Senior Staff Software Engineer, Data",USA Remote,https://job-boards.greenhouse.io/zocdoc/jobs/7967885,True,2026-07-24 03:56:23.272557,2026-09-13 06:00:43.477532
67,databento,"Financial Data Sales Associate, APAC",Remote / Hong Kong / Shanghai / Singapore / Beijing / Seoul / Tokyo / Kuala Lumpur,https://job-boards.greenhouse.io/databento/jobs/7507651,True,2026-07-24 03:56:24.736621,2026-09-13 06:00:27.391349
57,zocdoc,"Staff Data Scientist, Marketplace Analytics ","New York, NY; USA Remote",https://job-boards.greenhouse.io/zocdoc/jobs/7560841,True,2026-07-24 03:56:23.272557,2026-09-13 06:00:43.477532
79,thebrattlegroup,Data and AI Engineer,"Boston, Massachusetts, United States",https://job-boards.greenhouse.io/thebrattlegroup/jobs/4713471005,True,2026-07-24 03:56:26.032605,2026-09-13 06:00:51.097744
269,veeamsoftware,Join Veeam Data Cloud Talent Community (US),"Remote, United States",https://job-boards.eu.greenhouse.io/veeamsoftware/jobs/4520366101,True,2026-07-24 05:20:32.470807,2026-09-13 06:00:10.107671
14654,mozilla,Marketing Data Science Manager,Remote US,https://job-boards.greenhouse.io/mozilla/jobs/8139403,True,2026-08-28 06:00:29.234461,2026-09-13 06:00:29.305623
14653,mozilla,Marketing Data Science Manager,Remote,https://job-boards.greenhouse.io/mozilla/jobs/8126756,True,2026-08-28 06:00:29.234461,2026-09-13 06:00:29.305623
270,veeamsoftware,Lead Customer Success Engineer - Data & AI Security (East),"Remote, United States",https://job-boards.eu.greenhouse.io/veeamsoftware/jobs/4903808101,True,2026-07-24 05:20:32.470807,2026-09-13 06:00:10.107671
55,lusternational,Reporting Data Scientist,"Sacramento, California, United States",https://job-boards.greenhouse.io/lusternational/jobs/5257256008,True,2026-07-24 03:56:23.252712,2026-09-13 06:00:55.073933
11,docugami,Machine Learning / Data Scientist,"Kirkland, Washington, United States",https://job-boards.greenhouse.io/docugami/jobs/4016974003,True,2026-07-24 03:56:19.833579,2026-09-13 06:00:29.369852
63,psiquantum,"Staff Software Engineer, Databases","Palo Alto, California, United States; Remote",https://www.psiquantum.com/apply?gh_jid=7692716003,True,2026-07-24 03:56:24.305858,2026-09-13 06:01:04.827471
54,coalition,"Senior Manager, Machine Learning (Data Operations)","Any location, United States",https://www.coalitioninc.com/job-posting?gh_jid=4716434005,True,2026-07-24 03:56:22.858037,2026-09-13 06:01:00.059334
77,mavenrobotics,Data Collection Operator,"San Francisco Bay Area, California USA",https://boards.greenhouse.io/mavenrobotics/jobs/4893275008?gh_jid=4893275008,True,2026-07-24 03:56:25.608934,2026-09-13 06:01:06.161950
10615,3cloud,Architect (Azure/Purview) - Data Governance Platforms ,Remote - US,https://job-boards.greenhouse.io/3cloud/jobs/8387809002?gh_jid=8387809002,True,2026-08-10 06:00:58.624282,2026-09-13 06:01:00.329415
12970,veeamsoftware,Veeam Data Cloud Vault Solution Specialist,"Remote, Germany",https://job-boards.eu.greenhouse.io/veeamsoftware/jobs/4945413101,True,2026-08-22 06:00:06.845541,2026-09-13 06:00:10.107671
1150,sidecarhealth,"Senior Software Engineer, Data",Remote,https://job-boards.greenhouse.io/sidecarhealth/jobs/5990170004,True,2026-07-24 05:25:14.948551,2026-09-10 06:01:39.180477
17573,beaconbiosignals,"Software Engineer IV, Datastore","Boston, MA / Remote",https://job-boards.greenhouse.io/beaconbiosignals/jobs/4396391009,True,2026-09-07 06:00:11.751267,2026-09-13 06:00:11.260152
19059,gigaenergy,Data Center White Space Designer,"Remote, USA.",https://job-boards.greenhouse.io/gigaenergy/jobs/5422234008,True,2026-09-13 06:00:12.689469,2026-09-13 06:00:12.689469
10753,alphasense,"Product Analyst, Financial Data",Remote - Canada,https://job-boards.greenhouse.io/alphasense/jobs/8653095002,True,2026-08-13 06:00:12.128490,2026-09-13 06:00:15.466712
10754,alphasense,Product Manager II - Financial Data,Remote - Canada,https://job-boards.greenhouse.io/alphasense/jobs/8701443002,True,2026-08-13 06:00:12.128490,2026-09-13 06:00:15.466712
4013,coinbase,"Staff Applied Data Scientist, Pricing",Remote - USA,https://www.coinbase.com/careers/positions/8083051?gh_jid=8083051,True,2026-07-25 06:00:11.066839,2026-09-13 06:00:18.376304
18400,scoutmotors,Specialist Field Monitoring Technical Field Data,"Blythewood, South Carolina, United States",https://job-boards.greenhouse.io/scoutmotors/jobs/5161213007,True,2026-09-10 06:00:35.919669,2026-09-13 06:00:25.217172
65,everlaw,"Senior Software Engineer, Database Systems","Oakland, California, United States",https://job-boards.greenhouse.io/everlaw/jobs/4659305006,True,2026-07-24 03:56:24.356384,2026-09-13 06:00:31.062608
15449,stitchfix,"Senior Manager, Data Science - Styling Algorithms",Remote USA,https://www.stitchfix.com/careers/jobs?gh_jid=8164607&gh_jid=8164607,True,2026-08-31 06:00:33.884945,2026-09-13 06:00:31.803298
49,five9,"Data Center Engineer (in Atlanta, GA)",United States (Remote),https://www.five9.com/about/careers/job-detail?gh_jid=6111243004,True,2026-07-24 03:56:22.135274,2026-09-13 06:00:40.566155
14145,fourkites,Senior Data Scientist,"Chennai or Remote, India ",https://job-boards.greenhouse.io/fourkites/jobs/8146530,True,2026-08-25 06:00:39.844496,2026-09-13 06:00:41.054847
44,cargurus,"Manager, Data Platform Engineering","Boston, Massachusetts, United States",https://careers.cargurus.com/us/en/job/8060343?gh_jid=8060343,True,2026-07-24 03:56:22.061028,2026-09-13 06:01:03.235397
82,theknotworldwide,"VP, Data Science",Remote - United States,https://job-boards.greenhouse.io/theknotworldwide/jobs/5113983008,True,2026-07-24 03:56:26.947968,2026-09-13 06:01:03.795467
211,roblox,"Senior Machine Learning Engineer, GenAI Data","San Mateo, CA, United States",https://careers.roblox.com/jobs/7943933?gh_jid=7943933,True,2026-07-24 03:56:35.297012,2026-09-13 06:00:09.629293
47,cargurus,Senior Data Scientist,"Boston, Massachusetts, United States",https://careers.cargurus.com/us/en/job/7894841?gh_jid=7894841,True,2026-07-24 03:56:22.061028,2026-09-13 06:01:03.235397
132,waymo,"Director, Foundation Model Data Recipes ","Mountain View, CA. USA;  San Francisco, CA.  USA",https://careers.withwaymo.com/jobs?gh_jid=8075690,True,2026-07-24 03:56:31.161115,2026-09-13 06:00:44.648744
1031,samsara,Senior Software Engineer - Data Platform,Remote - US,https://www.samsara.com/company/careers/roles/7922530?gh_jid=7922530,True,2026-07-24 05:25:05.441259,2026-09-13 06:00:47.336766
10738,zetaglobal,Senior Data Engineer -  Healthcare Data & Audience Applications,Remote - United States,https://job-boards.greenhouse.io/zetaglobal/jobs/6135841004,True,2026-08-13 06:00:09.948535,2026-09-13 06:00:11.067304
10759,torcrobotics,"Senior, Software Engineer - ML Data Delivery","Ann Arbor, MI, Remote - US",https://job-boards.greenhouse.io/torcrobotics/jobs/8634727002,True,2026-08-13 06:00:12.163593,2026-09-13 06:00:15.561564
17611,coinbase,"Engineering Manager, Market Data & Analytics",Remote - USA,https://www.coinbase.com/careers/positions/8179214?gh_jid=8179214,True,2026-09-07 06:00:20.037780,2026-09-13 06:00:18.376304
17614,coinbase,Senior Market Data Engineer,Remote - USA,https://www.coinbase.com/careers/positions/8180833?gh_jid=8180833,True,2026-09-07 06:00:20.037780,2026-09-13 06:00:18.376304
19086,coinbase,Senior Software Engineer - Data Platform ,Remote - USA,https://www.coinbase.com/careers/positions/7812407?gh_jid=7812407,True,2026-09-13 06:00:18.376304,2026-09-13 06:00:18.376304
10670,quinstreet,Lead Data Analyst,United States,https://www.quinstreet.com/careers/?gh_jid=8113388,True,2026-08-10 06:01:04.976491,2026-09-13 06:01:06.353839
1218,rockstargames,Associate Lead Database Engineer,"Manhattan, New York, United States",https://job-boards.greenhouse.io/rockstargames/jobs/7673247003,True,2026-07-24 05:25:21.066000,2026-09-13 06:01:06.873033
18405,clinchoice,Clinical R Data Scientist Consultant- Remote,United States,https://job-boards.eu.greenhouse.io/clinchoice/jobs/4948092101,True,2026-09-10 06:00:42.205146,2026-09-13 06:00:27.253197
1220,rockstargames,"Senior Software Engineer, Data Engineering","Carlsbad, California, United States",https://job-boards.greenhouse.io/rockstargames/jobs/7578196003,True,2026-07-24 05:25:21.066000,2026-09-13 06:01:06.873033
1219,rockstargames,"Senior Software Engineer, Data Engineering","Andover, Massachusetts, United States",https://job-boards.greenhouse.io/rockstargames/jobs/7578722003,True,2026-07-24 05:25:21.066000,2026-09-13 06:01:06.873033
17005,dv01,Data Governance Lead,Remote - USA ,https://job-boards.greenhouse.io/dv01/jobs/8769869002,True,2026-09-04 06:00:30.126473,2026-09-13 06:00:31.050375
118,tatari,Data Science Analyst ,"San Francisco, California, United States",https://job-boards.greenhouse.io/tatari/jobs/8350484002,True,2026-07-24 03:56:30.360511,2026-09-10 06:01:34.793464
823,speechify,"Software Engineer, Data Infrastructure & Acquisition - Boise, ID, USA","Boise, ID, USA",https://job-boards.greenhouse.io/speechify/jobs/5975293004,True,2026-07-24 05:24:56.097273,2026-09-13 06:00:37.509209
87,securityscorecard,Senior Data Engineer,Remote (Brazil),https://job-boards.greenhouse.io/securityscorecard/jobs/8031477,True,2026-07-24 03:56:27.806270,2026-09-13 06:00:51.502623
131,waymo,Data Scientist,"Mountain View, California, USA; San Francisco, California, USA",https://careers.withwaymo.com/jobs?gh_jid=7455592,True,2026-07-24 03:56:31.161115,2026-09-13 06:00:44.648744
116,tatari,Data Science Analyst ,"New York, New York, United States",https://job-boards.greenhouse.io/tatari/jobs/8350483002,True,2026-07-24 03:56:30.360511,2026-09-10 06:01:34.793464
128,roivantsciences,"Principal, Data & Analytics","Roivant Sciences, Inc., 1 Pennsylvania Plaza, 54th floor, New York, NY 10119, United States",https://job-boards.greenhouse.io/roivantsciences/jobs/7977736,True,2026-07-24 03:56:30.609655,2026-09-13 06:00:51.556533
129,wrike,Senior Data Scientist,Czech Republic - Remote,https://job-boards.greenhouse.io/wrike/jobs/4713775005,True,2026-07-24 03:56:30.864397,2026-09-13 06:00:57.120195
130,wrike,Senior Data Scientist,Cyprus - Remote,https://job-boards.greenhouse.io/wrike/jobs/4713777005,True,2026-07-24 03:56:30.864397,2026-09-13 06:00:57.120195
172,3cloud,Senior Architect - Data & AI,Remote - US,https://job-boards.greenhouse.io/3cloud/jobs/8329879002?gh_jid=8329879002,True,2026-07-24 03:56:32.517465,2026-09-13 06:01:00.329415
46,cargurus,"Principal Data Analyst, Enterprise Data Solutions","Boston, Massachusetts, United States",https://careers.cargurus.com/us/en/job/8043126?gh_jid=8043126,True,2026-07-24 03:56:22.061028,2026-09-13 06:01:03.235397
212,roblox,Senior / Principal Data Scientist - Discovery,"San Mateo, CA, United States",https://careers.roblox.com/jobs/8037082?gh_jid=8037082,True,2026-07-24 03:56:35.297012,2026-09-13 06:00:09.629293
170,3cloud,Lead Consultant - Data Architecture & Engineering,Remote - Philippines,https://job-boards.greenhouse.io/3cloud/jobs/7453081002?gh_jid=7453081002,True,2026-07-24 03:56:32.517465,2026-09-13 06:01:00.329415
17695,sezzle,Fraud Data Analyst,"Mexico, Remote",https://job-boards.greenhouse.io/sezzle/jobs/7984978003,True,2026-09-07 06:00:28.146929,2026-09-13 06:00:27.898466
14764,hasbro,"Manager, Data Platform Engineering","Boston, Massachusetts, United States",https://job-boards.greenhouse.io/hasbro/jobs/4337612009,True,2026-08-28 06:00:35.417911,2026-09-13 06:00:36.995812
17694,sezzle,Fraud Data Analyst,"Chile, Remote",https://job-boards.greenhouse.io/sezzle/jobs/7985454003,True,2026-09-07 06:00:28.146929,2026-09-13 06:00:27.898466
14239,fivetran,"Senior Data Analyst, Revenue","Oakland, California, United States, AMER",https://www.fivetran.com/careers/job?gh_jid=7918614003,True,2026-08-25 06:00:50.388761,2026-09-10 06:01:28.308054
17693,sezzle,Fraud Data Analyst,"Argentina, Remote",https://job-boards.greenhouse.io/sezzle/jobs/7985449003,True,2026-09-07 06:00:28.146929,2026-09-13 06:00:27.898466
147,avepoint,Data Analyst- Channel,"Jersey City, NJ, United States",https://www.avepoint.com/careers/job-detail?gh_jid=7554040,True,2026-07-24 03:56:31.361383,2026-09-13 06:00:47.008359
88,securityscorecard,Senior Data Engineer,Remote (LATAM),https://job-boards.greenhouse.io/securityscorecard/jobs/8031273,True,2026-07-24 03:56:27.806270,2026-09-13 06:00:51.502623
165,udacity,"Data Technical Mentor - Independent Contractor (US Canada, Europe, MENA, India & APAC Timezones)",Remote,https://job-boards.greenhouse.io/udacity/jobs/8535755002,True,2026-07-24 03:56:32.440919,2026-09-13 06:01:06.455459
17692,sezzle,Fraud Data Analyst,"Brazil, Remote",https://job-boards.greenhouse.io/sezzle/jobs/7984979003,True,2026-09-07 06:00:28.146929,2026-09-13 06:00:27.898466
14240,fivetran,"Senior Data Analyst, Revenue",USA - New York (dbt),https://www.fivetran.com/careers/job?gh_jid=7966168003,True,2026-08-25 06:00:50.388761,2026-09-10 06:01:28.308054
1103,zscaler, Senior Staff Software Engineer (C / Networking / Dataplane),"San Jose, California, USA",https://job-boards.greenhouse.io/zscaler/jobs/5156428007,True,2026-07-24 05:25:11.238042,2026-09-13 06:00:55.349929
214,roblox,"Senior Software Engineer, Data Infrastructure","San Mateo, CA, United States",https://careers.roblox.com/jobs/8014486?gh_jid=8014486,True,2026-07-24 03:56:35.297012,2026-09-13 06:00:09.629293
18447,acquia,Staff AI Engineer (Data & Intelligence function),Remote-United-States,https://job-boards.greenhouse.io/acquia/jobs/8168828,True,2026-09-10 06:00:51.211544,2026-09-13 06:00:31.270481
12981,decimainternational,"Data Center Commissioning Agent - Site Commissioning (On-site) - St. Louis, MO","St. Louis, Missouri, United States",https://job-boards.greenhouse.io/decimainternational/jobs/4707260006,True,2026-08-22 06:00:08.265500,2026-09-13 06:00:12.065074
14514,coherehealth,"Sr. Software Engineer, Data Platform",United States,https://job-boards.greenhouse.io/coherehealth/jobs/7978386003,True,2026-08-28 06:00:11.710715,2026-09-13 06:00:12.769498
18448,acquia,Staff AI Engineer (Data & Intelligence function),Remote-Canada,https://job-boards.greenhouse.io/acquia/jobs/8168833,True,2026-09-10 06:00:51.211544,2026-09-13 06:00:31.270481
17006,stitchfix,Data Scientist ,"Remote, USA",https://www.stitchfix.com/careers/jobs?gh_jid=8168199&gh_jid=8168199,True,2026-09-04 06:00:30.922600,2026-09-13 06:00:31.803298
10772,reddit,"Senior Data Scientist, Ads",Remote - United States,https://job-boards.greenhouse.io/reddit/jobs/8104403,True,2026-08-13 06:00:14.293919,2026-09-13 06:00:19.598003
164,checkr,Staff Data Engineer,"Denver, Colorado, United States; San Francisco, California, United States",https://job-boards.greenhouse.io/checkr/jobs/8078265,True,2026-07-24 03:56:32.337466,2026-09-13 06:00:50.014279
157,valohealth,"Staff Data Scientist, Machine Learning in Epidemiology and Patient Data Products","Lexington, Massachusetts, United States; Remote; San Francisco, California, United States",https://job-boards.greenhouse.io/valohealth/jobs/8550220002,True,2026-07-24 03:56:31.460000,2026-09-13 06:00:50.434320
19133,scoutmotors,"Specialist, Data Verification and Analysis","Blythewood, South Carolina, United States",https://job-boards.greenhouse.io/scoutmotors/jobs/5234580007,True,2026-09-13 06:00:25.217172,2026-09-13 06:00:25.217172
166,udacity,External Contractor - Mentor role for Data Product Manager track,Remote,https://job-boards.greenhouse.io/udacity/jobs/8296664002,True,2026-07-24 03:56:32.440919,2026-09-13 06:01:06.455459
413,sezzle,Senior Database Reliability Engineer ,"Chile, Remote",https://job-boards.greenhouse.io/sezzle/jobs/7725282003,True,2026-07-24 05:20:44.142204,2026-09-13 06:00:27.898466
735,olsson,Controls Design Engineer - BMS - Data Center,Remote,https://job-boards.greenhouse.io/olsson/jobs/5188457008,True,2026-07-24 05:24:53.054648,2026-09-13 06:00:34.413867
148,avepoint,Data Analyst- Channel,"Arlington, VA, United States",https://www.avepoint.com/careers/job-detail?gh_jid=7982072,True,2026-07-24 03:56:31.361383,2026-09-13 06:00:47.008359
158,idme,Head of Marketing Data and Measurement,"Mountain View, California, United States; New York, New York, United States",https://job-boards.greenhouse.io/idme/jobs/7768886003,True,2026-07-24 03:56:31.617775,2026-09-13 06:00:57.508677
163,checkr,Senior Data Engineer,"Denver, Colorado, United States; San Francisco, California, United States",https://job-boards.greenhouse.io/checkr/jobs/7650448,True,2026-07-24 03:56:32.337466,2026-09-13 06:00:50.014279
167,3cloud,Database Administrator - Cloud Platform / Infrastructure,Remote - Philippines,https://job-boards.greenhouse.io/3cloud/jobs/8594326002?gh_jid=8594326002,True,2026-07-24 03:56:32.517465,2026-09-13 06:01:00.329415
274,veeamsoftware,Sales Specialist - Data & AI Security,"Houston, TX, USA",https://job-boards.eu.greenhouse.io/veeamsoftware/jobs/4781547101,True,2026-07-24 05:20:32.470807,2026-09-13 06:00:10.107671
180,liquibase,"Senior Product Manager – Database Change Governance, Security & Ecosystem Integrations (Remote, US-Based)",Remote,https://www.liquibase.com/company/careers?gh_jid=8011001,True,2026-07-24 03:56:33.179908,2026-09-13 06:00:39.320161
18464,airbnb,"Staff Software Engineer, Data Catalog",USA,https://careers.airbnb.com/positions/8154705?gh_jid=8154705,True,2026-09-10 06:00:56.413863,2026-09-13 06:00:33.935801
14349,idme,Marketing Data & Systems Analyst,"Mountain View, California, United States",https://job-boards.greenhouse.io/idme/jobs/7965265003,True,2026-08-25 06:01:05.186766,2026-09-13 06:00:57.508677
15491,olsson,Project Manager - Engineering Design - Data Center,Remote,https://job-boards.greenhouse.io/olsson/jobs/5409805008,True,2026-08-31 06:00:35.842378,2026-09-13 06:00:34.413867
12982,decimainternational,"Data Center Commissioning Agent - Site Quality Assurance (On-site) - St. Louis, MO","St. Louis, Missouri, United States",https://job-boards.greenhouse.io/decimainternational/jobs/4707336006,True,2026-08-22 06:00:08.265500,2026-09-13 06:00:12.065074
14516,gigaenergy,Head of Data Center Commissioning,"Remote, USA.",https://job-boards.greenhouse.io/gigaenergy/jobs/5405166008,True,2026-08-28 06:00:11.961473,2026-09-13 06:00:12.689469
5754,riotgames,"Principal Data Engineer, Personalization - Central Product Insights","Los Angeles, USA",https://www.riotgames.com/en/work-with-us/job/8049834?gh_jid=8049834,True,2026-07-30 03:12:54.461584,2026-09-13 06:00:36.726847
5755,riotgames,"Senior Manager, Data Engineering - Valorant","Los Angeles, USA",https://www.riotgames.com/en/work-with-us/job/7551204?gh_jid=7551204,True,2026-07-30 03:12:54.461584,2026-09-13 06:00:36.726847
159,idme,Principal Tech Lead Manager - Data Platform & Reliability Engineering,"Mountain View, California, United States",https://job-boards.greenhouse.io/idme/jobs/7801784003,True,2026-07-24 03:56:31.617775,2026-09-13 06:00:57.508677
33,pinterest,"Sr. Data Scientist, Marketing","San Francisco, CA, US; Remote, US",https://www.pinterestcareers.com/jobs/?gh_jid=8011376,True,2026-07-24 03:56:21.881819,2026-09-13 06:01:03.988587
5805,speechify,"Software Engineer, Data Infrastructure & Acquisition - Des Moines, IA, USA","Des Moines, IA, USA",https://job-boards.greenhouse.io/speechify/jobs/5975330004,True,2026-07-30 03:12:55.217548,2026-09-13 06:00:37.509209
117,tatari,Data Science Analyst ,"Los Angeles, California, United States",https://job-boards.greenhouse.io/tatari/jobs/8350482002,True,2026-07-24 03:56:30.360511,2026-09-10 06:01:34.793464
328,reddit,"Sr. Staff Data Scientist - Ads Measurement, Signals, Privacy",Remote - United States,https://job-boards.greenhouse.io/reddit/jobs/8072046,True,2026-07-24 05:20:37.333599,2026-09-13 06:00:19.598003
329,reddit,"Staff Data Scientist, Ads","Remote - Ontario, Canada",https://job-boards.greenhouse.io/reddit/jobs/7721851,True,2026-07-24 05:20:37.333599,2026-09-13 06:00:19.598003
5832,speechify,"Software Engineer, Data Infrastructure & Acquisition - New Haven, CT, USA","New Haven, CT, USA",https://job-boards.greenhouse.io/speechify/jobs/5975235004,True,2026-07-30 03:12:55.217548,2026-09-13 06:00:37.509209
912,speechify,"Software Engineer, Data Infrastructure & Acquisition - Washington, DC, USA","Washington, DC, USA",https://job-boards.greenhouse.io/speechify/jobs/5975132004,True,2026-07-24 05:24:56.097273,2026-09-13 06:00:37.509209
173,3cloud,Senior Architect - Data Architecture & Engineering,Remote - US,https://job-boards.greenhouse.io/3cloud/jobs/8621495002?gh_jid=8621495002,True,2026-07-24 03:56:32.517465,2026-09-13 06:01:00.329415
174,3cloud,Senior Consultant - Data Architecture & Engineering ,Remote - Philippines,https://job-boards.greenhouse.io/3cloud/jobs/7643033002?gh_jid=7643033002,True,2026-07-24 03:56:32.517465,2026-09-13 06:01:00.329415
19145,extrahopnetworks,Senior Data Scientist,"Remote (US) | Seattle, WA",https://job-boards.greenhouse.io/extrahopnetworks/jobs/6162230004,True,2026-09-13 06:00:26.138457,2026-09-13 06:00:26.138457
195,sonymusicentertainment,"Associate Director, Data Privacy","United States, New York, New York",https://job-boards.greenhouse.io/sonymusicentertainment/jobs/8608535002,True,2026-07-24 03:56:35.071680,2026-09-13 06:00:27.451369
17736,givedirectly,"Data Analyst, Internal Audit",Remote,https://job-boards.greenhouse.io/givedirectly/jobs/4729518005,True,2026-09-07 06:00:31.675541,2026-09-13 06:00:30.102106
31,pinterest,"Sr. Data Scientist, Core","San Francisco, CA, US; Remote, US",https://www.pinterestcareers.com/jobs/?gh_jid=6087213,True,2026-07-24 03:56:21.881819,2026-09-13 06:01:03.988587
32,pinterest,"Sr. Data Scientist, Infrastructure","San Francisco, CA, US; Remote, US",https://www.pinterestcareers.com/jobs/?gh_jid=8024966,True,2026-07-24 03:56:21.881819,2026-09-13 06:01:03.988587
37,pinterest,"Sr. Staff Software Engineer, Data Product Platform","San Francisco, CA, US; Remote, US",https://www.pinterestcareers.com/jobs/?gh_jid=7746946,True,2026-07-24 03:56:21.881819,2026-09-13 06:01:03.988587
220,fairlife,Operations Data Analyst ,"Goodyear, Arizona, United States",https://job-boards.greenhouse.io/fairlife/jobs/5101612007,True,2026-07-24 03:56:36.577601,2026-09-13 06:00:24.765217
14521,numerix,Market Data Operations Analyst,Remote - India,https://job-boards.greenhouse.io/numerix/jobs/5406676008,True,2026-08-28 06:00:12.050683,2026-09-13 06:00:13.526073
331,reddit,"Staff Data Scientist - Ads Measurement, Signals, Privacy",Remote - United States,https://job-boards.greenhouse.io/reddit/jobs/8072076,True,2026-07-24 05:20:37.333599,2026-09-13 06:00:19.598003
222,komodohealth,"Senior AI Sales Engineer, AI Data Solutions",United States,https://job-boards.greenhouse.io/komodohealth/jobs/8588487002,True,2026-07-24 05:20:29.461619,2026-09-13 06:00:05.310638
229,robotsandpencils,Data Practice Lead,United States,https://job-boards.greenhouse.io/robotsandpencils/jobs/5288720008,True,2026-07-24 05:20:30.150212,2026-09-13 06:00:06.214165
232,lilasciences,"Director, Data Platform Engineering","San Francisco, CA USA",https://job-boards.greenhouse.io/lilasciences/jobs/4202443009,True,2026-07-24 05:20:30.589478,2026-09-13 06:00:06.985416
231,lilasciences,"Co-Op, Data Extraction","Cambridge, MA USA",https://job-boards.greenhouse.io/lilasciences/jobs/4280811009,True,2026-07-24 05:20:30.589478,2026-09-13 06:00:06.985416
14883,anaplan,Principal Data Engineer - AI,"Pennsylvania-Remote, United States",https://job-boards.greenhouse.io/anaplan/jobs/8580733002,True,2026-08-28 06:00:38.446891,2026-09-13 06:00:39.484799
1221,rockstargames,"Senior Software Engineer, Data Engineering","Manhattan, New York, United States",https://job-boards.greenhouse.io/rockstargames/jobs/7575962003,True,2026-07-24 05:25:21.066000,2026-09-13 06:01:06.873033
4882,life360,Staff Data Scientist - Ads (AI Native),"Remote, USA ; Remote, Canada",https://job-boards.greenhouse.io/life360/jobs/8652900002,True,2026-07-28 06:00:25.708164,2026-09-13 06:00:28.535395
332,reddit,"Staff Data Scientist, Consumer","Remote - Ontario, Canada",https://job-boards.greenhouse.io/reddit/jobs/7931007,True,2026-07-24 05:20:37.333599,2026-09-13 06:00:19.598003
198,roblox,Data Center Asset Management Specialist,"Goodyear, Arizona, United States",https://careers.roblox.com/jobs/8047847?gh_jid=8047847,True,2026-07-24 03:56:35.297012,2026-09-13 06:00:09.629293
221,fairlife,Senior Data Engineer ,"Chicago, Illinois, United States",https://job-boards.greenhouse.io/fairlife/jobs/5192480007,True,2026-07-24 03:56:36.577601,2026-09-13 06:00:24.765217
199,roblox,Manager Data Center Operations,"Goodyear, Arizona, United States",https://careers.roblox.com/jobs/7808741?gh_jid=7808741,True,2026-07-24 03:56:35.297012,2026-09-13 06:00:09.629293
16325,hasbro,Senior Marketing Data Analytics Engineer  ,"Boston, Massachusetts, United States",https://job-boards.greenhouse.io/hasbro/jobs/4383701009,True,2026-09-01 06:00:43.390459,2026-09-13 06:00:36.995812
154,scoutmotors,Senior DataOps Engineer," Charlotte, NC, United States",https://job-boards.greenhouse.io/scoutmotors/jobs/4742554007,True,2026-07-24 03:56:31.405584,2026-09-13 06:00:25.217172
201,roblox,"Principal Software Engineer, Data Engineering","San Mateo, CA, United States",https://careers.roblox.com/jobs/7678832?gh_jid=7678832,True,2026-07-24 03:56:35.297012,2026-09-13 06:00:09.629293
219,waymark,Senior/Principal Data Engineer,US - Remote,https://job-boards.greenhouse.io/waymark/jobs/4030307005,True,2026-07-24 03:56:36.375494,2026-09-13 06:00:37.343491
17025,harrisassociates,Senior Associate - Security Data Management,"Chicago, Illinois, United States",https://job-boards.greenhouse.io/harrisassociates/jobs/4697790006,True,2026-09-04 06:00:34.401256,2026-09-13 06:00:34.123406
333,reddit,"Staff Data Scientist, Consumer",Remote - United States,https://job-boards.greenhouse.io/reddit/jobs/6745284,True,2026-07-24 05:20:37.333599,2026-09-13 06:00:19.598003
756,olsson,Senior Fire Protection Engineer - Data Center,Arizona - Remote; Arkansas - Remote; Florida - Remote; Georgia - Remote; Idaho - Remote; Indiana - Remote; Iowa - Remote; Kansas - Remote; Kentucky - Remote; Louisiana - Remote; Michigan - Remote; Mississippi - Remote; Missouri - Remote; Montana - Remote; Nebraska - Remote; Nevada - Remote; New Mexico - Remote; North Carolina - Remote; North Dakota - Remote; Ohio - Remote; Oklahoma - Remote; South Carolina - Remote; South Dakota - Remote; Tennessee - Remote; Texas - Remote; Utah - Remote; Virginia - Remote; West Virginia - Remote; Wisconsin - Remote; Wyoming - Remote,https://job-boards.greenhouse.io/olsson/jobs/5188178008,True,2026-07-24 05:24:53.054648,2026-09-13 06:00:34.413867
871,speechify,"Software Engineer, Data Infrastructure & Acquisition - Nashville, TN, USA","Nashville, TN, USA",https://job-boards.greenhouse.io/speechify/jobs/5975196004,True,2026-07-24 05:24:56.097273,2026-09-13 06:00:37.509209
15665,spauldingridge,Data Solutions GTM Director,Anywhere in the US- Remote,https://job-boards.greenhouse.io/spauldingridge/jobs/6174228004,True,2026-08-31 06:00:39.647464,2026-09-13 06:00:38.114306
17739,stitchfix,Senior Full-Stack Data Scientist - Growth Algorithms,"Remote, USA",https://www.stitchfix.com/careers/jobs?gh_jid=8180110&gh_jid=8180110,True,2026-09-07 06:00:32.213446,2026-09-13 06:00:31.803298
1113,invoicecloud,Database Engineer,United States - Remote,http://invoicecloud.net/careers/open-positions?gh_jid=7789142003,True,2026-07-24 05:25:12.769606,2026-09-13 06:00:56.717716
761,olsson,Senior Structural Engineer - Data Center,Remote,https://job-boards.greenhouse.io/olsson/jobs/5169968008,True,2026-07-24 05:24:53.054648,2026-09-13 06:00:34.413867
14409,pinterest,"Staff Software Engineer, Data Warehouse Foundation ","Palo Alto, CA, US; Remote, US",https://www.pinterestcareers.com/jobs/?gh_jid=8076015,True,2026-08-25 06:01:12.630206,2026-09-13 06:01:03.988587
19170,eclinicalsolutions,External Data Specialist (Contract),Remote,https://job-boards.greenhouse.io/eclinicalsolutions/jobs/5232190007,True,2026-09-13 06:00:28.137481,2026-09-13 06:00:28.137481
762,olsson,Telecom Revit Designer - Data Centers,Remote,https://job-boards.greenhouse.io/olsson/jobs/5187394008,True,2026-07-24 05:24:53.054648,2026-09-13 06:00:34.413867
330,reddit,"Staff Data Scientist, Ads",Remote - United States,https://job-boards.greenhouse.io/reddit/jobs/7721787,True,2026-07-24 05:20:37.333599,2026-09-13 06:00:19.598003
203,roblox,Principal Software Engineer - Economy ML (Data Systems),"San Mateo, CA, United States",https://careers.roblox.com/jobs/7629489?gh_jid=7629489,True,2026-07-24 03:56:35.297012,2026-09-13 06:00:09.629293
295,flexport,Head of Data Center Logistics Practice,"San Francisco, California, United States",https://job-boards.greenhouse.io/flexport/jobs/8046640,True,2026-07-24 05:20:33.331550,2026-09-13 06:00:11.503576
305,alphasense,"Product Manager II - Taxonomy, Financial Data",Remote - United States,https://job-boards.greenhouse.io/alphasense/jobs/8589759002,True,2026-07-24 05:20:35.310099,2026-09-13 06:00:15.466712
14886,wundermanthompson,"Group Director, Analytics-First Party Data & Loyalty","Detroit, Michigan, United States; New York, New York, United States",https://www.vml.com/careers/job/8733837002?gh_jid=8733837002,True,2026-08-28 06:00:38.793774,2026-09-13 06:00:43.237278
297,decimainternational,"Senior Project Estimator (Data Center Preconstruction) - Corsicana, TX, or Sweetwater, TX","Corsicana, Texas, United States; Sweetwater, Texas, United States",https://job-boards.greenhouse.io/decimainternational/jobs/4690952006,True,2026-07-24 05:20:33.912723,2026-09-13 06:00:12.065074
18512,affirm,"Compliance Manager (Data Protection Officer, Regulatory Compliance & Privacy)",Remote UK,https://job-boards.greenhouse.io/affirm/jobs/7850550003,True,2026-09-10 06:01:01.359304,2026-09-13 06:00:35.919200
85,stripe,"Data Science Manager, Finance and Strategy","Seattle, WA OR New York, NY OR Remote North America",https://stripe.com/jobs/search?gh_jid=7440963,True,2026-07-24 03:56:27.403331,2026-09-13 06:00:48.438525
17756,olsson,Construction Administration Project Manager - Data Center,Remote,https://job-boards.greenhouse.io/olsson/jobs/5412333008,True,2026-09-07 06:00:34.821699,2026-09-13 06:00:34.413867
334,reddit,"Staff Data Scientist, Marketing",Remote - United States,https://job-boards.greenhouse.io/reddit/jobs/7445240,True,2026-07-24 05:20:37.333599,2026-09-13 06:00:19.598003
304,alphasense,"Principal Software Engineer, Financial Data Platform & GenSearch Agent",Remote - United States,https://job-boards.greenhouse.io/alphasense/jobs/8431630002,True,2026-07-24 05:20:35.310099,2026-09-13 06:00:15.466712
17773,olsson,Power System Studies Project Manager - Data Center,Remote,https://job-boards.greenhouse.io/olsson/jobs/5412590008,True,2026-09-07 06:00:34.821699,2026-09-13 06:00:34.413867
5835,speechify,"Software Engineer, Data Infrastructure & Acquisition - Norfolk, VA, USA","Norfolk, VA, USA",https://job-boards.greenhouse.io/speechify/jobs/5975354004,True,2026-07-30 03:12:55.217548,2026-09-13 06:00:37.509209
12998,alphasense,"Senior Product Manager, Financial Data",Remote - Canada,https://job-boards.greenhouse.io/alphasense/jobs/8489442002,True,2026-08-22 06:00:09.718468,2026-09-13 06:00:15.466712
12997,alphasense,"Senior Product Manager, Financial Data",Remote - United States,https://job-boards.greenhouse.io/alphasense/jobs/8483831002,True,2026-08-22 06:00:09.718468,2026-09-13 06:00:15.466712
17787,olsson,Senior RCDD Designer - Data Centers,Remote,https://job-boards.greenhouse.io/olsson/jobs/5417087008,True,2026-09-07 06:00:34.821699,2026-09-13 06:00:34.413867
17037,moloco,"Data Scientist II, Product - Moloco Commerce Media","Menlo Park, California, United States",https://job-boards.greenhouse.io/moloco/jobs/7985823003,True,2026-09-04 06:00:38.606692,2026-09-13 06:00:36.171213
335,reddit,"Staff Data Scientist, Marketing","Remote - Ontario, Canada",https://job-boards.greenhouse.io/reddit/jobs/7931000,True,2026-07-24 05:20:37.333599,2026-09-13 06:00:19.598003
5580,maymobility,Software Engineer II - Data Platform,"Remote, USA",https://job-boards.greenhouse.io/maymobility/jobs/8552080002,True,2026-07-30 03:12:41.946261,2026-09-13 06:00:22.172910
15667,healthverity,"Lead Analytics Consultant, Real World Data Insights (Post-sale)",Remote,https://healthverity.com/careers/jobs/?gh_jid=5395219008,True,2026-08-31 06:00:40.250303,2026-09-13 06:00:38.660497
5863,speechify,"Software Engineer, Data Infrastructure & Acquisition - Santa Monica, CA, USA","Santa Monica, CA, USA",https://job-boards.greenhouse.io/speechify/jobs/5975186004,True,2026-07-30 03:12:55.217548,2026-09-13 06:00:37.509209
907,speechify,"Software Engineer, Data Infrastructure & Acquisition - Stony Brook, NY, USA","Stony Brook, NY, USA",https://job-boards.greenhouse.io/speechify/jobs/5975345004,True,2026-07-24 05:24:56.097273,2026-09-13 06:00:37.509209
15668,healthverity,"Lead Analytics Consultant, Real World Data Insights (Pre-sale)",Remote,https://healthverity.com/careers/jobs/?gh_jid=5395220008,True,2026-08-31 06:00:40.250303,2026-09-13 06:00:38.660497
930,cookunity,"Senior Data Scientist, Retention & Product",United States (Remote),https://careers.cookunity.com/open-roles?gh_jid=7780185003,True,2026-07-24 05:24:57.338243,2026-09-13 06:00:38.881629
1102,zscaler,Principal Specialist Sales Engineer - Data Security - West/South,"Remote - Alabama, USA; Remote - Arizona, USA; Remote - California, USA; Remote - Colorado, USA; Remote - Florida, USA; Remote - Louisiana, USA; Remote - Nevada, USA; Remote - New Mexico, USA; Remote - Oregon, USA; Remote - Tennessee, USA; Remote - Utah, USA; Remote - Washington, USA",https://job-boards.greenhouse.io/zscaler/jobs/5132564007,True,2026-07-24 05:25:11.238042,2026-09-13 06:00:55.349929
204,roblox,Principal Software Engineer - Roblox Database,"San Mateo, CA, United States",https://careers.roblox.com/jobs/8036892?gh_jid=8036892,True,2026-07-24 03:56:35.297012,2026-09-13 06:00:09.629293
5481,algolia,GTM Data Operations Manager ,Remote - United States,https://job-boards.greenhouse.io/algolia/jobs/6105256004,True,2026-07-30 03:12:35.209479,2026-09-13 06:00:09.977690
296,ziprecruiter,"Senior Software Engineer, Big Data",Remote,https://job-boards.greenhouse.io/ziprecruiter/jobs/6557032,True,2026-07-24 05:20:33.353885,2026-09-13 06:00:11.335755
4888,counterparthealth,"Director of Engineering, Data Products",Remote - USA,https://job-boards.greenhouse.io/counterparthealth/jobs/8089034,True,2026-07-28 06:00:26.197575,2026-09-13 06:00:28.993873
19187,mozilla,Senior Staff Data Engineer,Remote,https://job-boards.greenhouse.io/mozilla/jobs/8180971,True,2026-09-13 06:00:29.305623,2026-09-13 06:00:29.305623
19188,mozilla,Senior Staff Data Engineer,Remote Canada,https://job-boards.greenhouse.io/mozilla/jobs/8180983,True,2026-09-13 06:00:29.305623,2026-09-13 06:00:29.305623
19189,mozilla,Senior Staff Data Engineer,Remote US,https://job-boards.greenhouse.io/mozilla/jobs/8180982,True,2026-09-13 06:00:29.305623,2026-09-13 06:00:29.305623
19190,mozilla,"Staff Data Scientist, Ads",Remote,https://job-boards.greenhouse.io/mozilla/jobs/7114644,True,2026-09-13 06:00:29.305623,2026-09-13 06:00:29.305623
291,zetaglobal,"VP, Data Cloud Consulting",Remote - US,https://job-boards.greenhouse.io/zetaglobal/jobs/6004350004,True,2026-07-24 05:20:33.188100,2026-09-13 06:00:11.067304
845,speechify,"Software Engineer, Data Infrastructure & Acquisition - Dallas, TX, USA","Dallas, TX, USA",https://job-boards.greenhouse.io/speechify/jobs/5975126004,True,2026-07-24 05:24:56.097273,2026-09-13 06:00:37.509209
1202,cloverhealth,"Head of Engineering, Data Platform",Remote - USA,https://job-boards.greenhouse.io/cloverhealth/jobs/7983258,True,2026-07-24 05:25:19.132787,2026-09-13 06:01:04.959567
11478,ziprecruiter,"Engineering Manager, Big Data",Remote,https://job-boards.greenhouse.io/ziprecruiter/jobs/8129327,True,2026-08-16 06:00:08.935389,2026-09-13 06:00:11.335755
18540,doximity,Senior Data Scientist ,"San Francisco, CA or Remote (U.S.)",https://job-boards.greenhouse.io/doximity/jobs/8177741,True,2026-09-10 06:01:07.317342,2026-09-13 06:00:37.540344
17080,mntn,"Engineering Manager, Data Platform",United States,https://job-boards.greenhouse.io/mntn/jobs/8174543,True,2026-09-04 06:00:44.564042,2026-09-13 06:00:38.327274
310,vaxcyte,Associate Director of Data and Knowledge Management,"San Carlos, California, United States",https://boards.greenhouse.io/vaxcyte/jobs/4731252008?gh_jid=4731252008,True,2026-07-24 05:20:36.066067,2026-09-13 06:00:17.336707
17081,mntn,"Senior Data Analyst, Finance",United States,https://job-boards.greenhouse.io/mntn/jobs/8172119,True,2026-09-04 06:00:44.564042,2026-09-13 06:00:38.327274
13002,coinbase,Senior Data Scientist,Remote - Singapore,https://www.coinbase.com/careers/positions/8147917?gh_jid=8147917,True,2026-08-22 06:00:11.175139,2026-09-13 06:00:18.376304
19,coinbase,"Senior Staff Software Engineer, Data Platform",Remote - USA,https://www.coinbase.com/careers/positions/7711287?gh_jid=7711287,True,2026-07-24 03:56:20.633003,2026-09-13 06:00:18.376304
14887,everquote,Senior Data Scientist,"Cambridge, Massachusetts, United States",https://careers.everquote.com/job/?gh_jid=7977831003,True,2026-08-28 06:00:38.908914,2026-09-13 06:00:40.385228
13009,coinbase,"Staff Data Engineer, Market Data",Remote - USA,https://www.coinbase.com/careers/positions/8144836?gh_jid=8144836,True,2026-08-22 06:00:11.175139,2026-09-13 06:00:18.376304
316,reddit,"Principal Data Scientist, Ads",Remote - United States,https://job-boards.greenhouse.io/reddit/jobs/7330347,True,2026-07-24 05:20:37.333599,2026-09-13 06:00:19.598003
16495,ironbowtechnologies,Principal Data Center Solutions Architect ,United States,https://ironbow-com.sandbox.hs-sites.com/job-details?gh_jid=5217127007,True,2026-09-01 06:00:53.460663,2026-09-13 06:00:43.249475
1120,crunchyroll,Data Engineer III,"Los Angeles, California, United States; San Francisco, CA, United States",https://boards.greenhouse.io/crunchyroll/jobs/7568347?gh_jid=7568347,True,2026-07-24 05:25:13.670467,2026-09-13 06:00:57.502628
1121,crunchyroll,Senior Database Engineer,"San Francisco, CA, United States",https://boards.greenhouse.io/crunchyroll/jobs/8028927?gh_jid=8028927,True,2026-07-24 05:25:13.670467,2026-09-13 06:00:57.502628
1122,crunchyroll,Senior Database Reliability Engineer,"San Francisco, CA, United States",https://boards.greenhouse.io/crunchyroll/jobs/8035682?gh_jid=8035682,True,2026-07-24 05:25:13.670467,2026-09-13 06:00:57.502628
339,scopely,Data Analyst - Marvel Strike Force,CA - Canada; US - United States,https://job-boards.greenhouse.io/scopely/jobs/5301857008?gh_jid=5301857008,True,2026-07-24 05:20:38.206002,2026-09-13 06:00:21.479870
341,scopely,"Senior Data Scientist, Marketing","US - San Francisco, United States",https://job-boards.greenhouse.io/scopely/jobs/5234167008?gh_jid=5234167008,True,2026-07-24 05:20:38.206002,2026-09-13 06:00:21.479870
68,databento,"Financial Data Sales Associate, EMEA","Remote, Global",https://job-boards.greenhouse.io/databento/jobs/7990886,True,2026-07-24 03:56:24.736621,2026-09-13 06:00:27.391349
4102,samsungresearchamerica,"Senior Manager, Robot Intelligence Data Efficiency","665 Clyde Avenue, Mountain View,  CA, USA",https://job-boards.greenhouse.io/samsungresearchamerica/jobs/8648187002,True,2026-07-25 06:00:18.089697,2026-09-13 06:00:27.683307
1200,cloverhealth,"Data Analyst, Clinical Data Effectiveness",Remote - USA,https://job-boards.greenhouse.io/cloverhealth/jobs/7985986,True,2026-07-24 05:25:19.132787,2026-09-13 06:01:04.959567
19191,mozilla,"Staff Data Scientist, Ads",Remote US,https://job-boards.greenhouse.io/mozilla/jobs/7137777,True,2026-09-13 06:00:29.305623,2026-09-13 06:00:29.305623
286,veeamsoftware,"Sr. Director, Graph Databases","San Jose, CA, USA",https://job-boards.eu.greenhouse.io/veeamsoftware/jobs/4888374101,True,2026-07-24 05:20:32.470807,2026-09-13 06:00:10.107671
399,clinchoice, Principal Data Scientist Consultant with experience in R and CDISC (Remote),United States,https://job-boards.eu.greenhouse.io/clinchoice/jobs/4935642101,True,2026-07-24 05:20:43.452349,2026-09-13 06:00:27.253197
4119,adaptivebiotechnologies,Senior Data Architect,Remote (WFH),https://www.adaptivebiotech.com/career-listings/listing?gh_jid=8645730002,True,2026-07-25 06:00:18.768336,2026-09-13 06:00:28.414040
19204,xai,"Expert Team Lead, Human Data Operations",Asia; Europe; Remote International; Remote US; US,https://job-boards.greenhouse.io/xai/jobs/5234209007,True,2026-09-13 06:00:31.402287,2026-09-13 06:00:31.402287
8841,speechify,"Software Engineer, Data Infrastructure & Acquisition - Minneapolis, MN, USA","Minneapolis, MN, USA",https://job-boards.greenhouse.io/speechify/jobs/5975179004,True,2026-08-04 06:00:31.217594,2026-09-13 06:00:37.509209
733,olsson,Commissioning Agent - Data Center (Travel Required),Remote,https://job-boards.greenhouse.io/olsson/jobs/5188310008,True,2026-07-24 05:24:53.054648,2026-09-13 06:00:34.413867
13056,twilio,Senior Data and AI Specialist,Remote - US,https://job-boards.greenhouse.io/twilio/jobs/8141644,True,2026-08-22 06:00:13.881897,2026-09-13 06:00:22.730188
13055,twilio,Senior Data and AI Specialist,Remote - Canada,https://job-boards.greenhouse.io/twilio/jobs/8143120,True,2026-08-22 06:00:13.881897,2026-09-13 06:00:22.730188
5365,phdata,"Delivery Leader, AI & Data Strategy",US-Remote,https://www.phdata.io/jobs?gh_jid=7744330,True,2026-07-28 06:00:50.869452,2026-09-13 06:00:59.930314
16561,waymo,"2027 Summer Intern, MS/PhD, Data Science - Commercialization Testing","San Francisco, California, United States",https://careers.withwaymo.com/jobs?gh_jid=8167323,True,2026-09-01 06:01:00.265847,2026-09-13 06:00:44.648744
5370,phdata,Senior DevOps Engineer (Data Platforms) - LATAM Based,LATAM - Remote,https://www.phdata.io/jobs?gh_jid=8083778,True,2026-07-28 06:00:50.869452,2026-09-13 06:00:59.930314
1173,focalsystems,Data Scientist - UK,"Remote, United Kingdom",https://job-boards.greenhouse.io/focalsystems/jobs/6016008004,True,2026-07-24 05:25:16.523475,2026-09-13 06:01:01.037217
363,twilio,Software Engineer (L3) Data Substrate,Remote - US,https://job-boards.greenhouse.io/twilio/jobs/7954715,True,2026-07-24 05:20:39.445559,2026-09-13 06:00:22.730188
372,databricks,"Director, Americas Field Marketing at Databricks",United States,https://databricks.com/company/careers/open-positions/job?gh_jid=8636157002,True,2026-07-24 05:20:41.009643,2026-09-13 06:00:24.394063
376,woolpert,Mechanical Engineer - Mission Critical Data Centers Specialized,"Charlotte, NC; Chicago, IL; Coral Gables, FL; Dallas, TX; Miami, FL; New York, NY; Orlando, FL; Phoenix, AZ; Remote - United States",https://job-boards.greenhouse.io/woolpert/jobs/4108177009,True,2026-07-24 05:20:41.235804,2026-09-13 06:00:24.751880
153,scoutmotors,"Lead, Data Architect","Charlotte, North Carolina, United States",https://job-boards.greenhouse.io/scoutmotors/jobs/5163197007,True,2026-07-24 03:56:31.405584,2026-09-13 06:00:25.217172
5785,speechify,"Software Engineer, Data Infrastructure & Acquisition - Bloomington, IN, USA","Bloomington, IN, USA",https://job-boards.greenhouse.io/speechify/jobs/5975324004,True,2026-07-30 03:12:55.217548,2026-09-13 06:00:37.509209
853,speechify,"Software Engineer, Data Infrastructure & Acquisition - Fresno, CA, USA","Fresno, CA, USA",https://job-boards.greenhouse.io/speechify/jobs/5975275004,True,2026-07-24 05:24:56.097273,2026-09-13 06:00:37.509209
8823,speechify,"Software Engineer, Data Infrastructure & Acquisition - Hartford, CT, USA","Hartford, CT, USA",https://job-boards.greenhouse.io/speechify/jobs/5975347004,True,2026-08-04 06:00:31.217594,2026-09-13 06:00:37.509209
386,epicgames,Senior Data Scientist,"Cary,North Carolina,United States",https://epicgames.com/careers/jobs/6117889004?gh_jid=6117889004,True,2026-07-24 05:20:42.154737,2026-09-13 06:00:25.611099
390,figma,"Data Scientist, Finance","San Francisco, CA • New York, NY • United States",https://boards.greenhouse.io/figma/jobs/6013304004?gh_jid=6013304004,True,2026-07-24 05:20:42.438556,2026-09-13 06:00:26.065917
5818,speechify,"Software Engineer, Data Infrastructure & Acquisition - Irvine, CA, USA","Irvine, CA, USA",https://job-boards.greenhouse.io/speechify/jobs/5975192004,True,2026-07-30 03:12:55.217548,2026-09-13 06:00:37.509209
8832,speechify,"Software Engineer, Data Infrastructure & Acquisition - Knoxville, TN, USA","Knoxville, TN, USA",https://job-boards.greenhouse.io/speechify/jobs/5975377004,True,2026-08-04 06:00:31.217594,2026-09-13 06:00:37.509209
395,recidiviz,Data Analyst,"Remote, New York City, or Oakland",https://job-boards.greenhouse.io/recidiviz/jobs/4657637006,True,2026-07-24 05:20:42.815531,2026-09-13 06:00:26.529392
8833,speechify,"Software Engineer, Data Infrastructure & Acquisition - Las Vegas, NV, USA","Las Vegas, NV, USA",https://job-boards.greenhouse.io/speechify/jobs/5975173004,True,2026-08-04 06:00:31.217594,2026-09-13 06:00:37.509209
5879,speechify,"Software Engineer, Data Infrastructure & Acquisition - Washington, DC, USA","Washington, DC, USA",https://job-boards.greenhouse.io/speechify/jobs/5976286004,True,2026-07-30 03:12:55.217548,2026-09-13 06:00:37.509209
15707,block,"Senior Software Engineer, Data Platform","Bay Area, CA, United States of America",http://block.xyz/careers/jobs/5381381008?gh_jid=5381381008,True,2026-08-31 06:00:44.531215,2026-09-13 06:00:43.489327
271,veeamsoftware,Lead Customer Success Engineer - Data & AI Security (West),"Remote, United States",https://job-boards.eu.greenhouse.io/veeamsoftware/jobs/4903810101,True,2026-07-24 05:20:32.470807,2026-09-13 06:00:10.107671
424,counterparthealth,"Data Analyst, Clinical Data Effectiveness ",Remote - USA,https://job-boards.greenhouse.io/counterparthealth/jobs/7985988,True,2026-07-24 05:20:45.235741,2026-09-13 06:00:28.993873
16599,stripe,Data Excellence Manager ,"US Remote, Chicago, SF, Seattle, NYC",https://stripe.com/jobs/search?gh_jid=8106026,True,2026-09-01 06:01:02.457408,2026-09-13 06:00:48.438525
1125,obsidiansecurity,Tech Lead - Data Scientist,"Newport Beach, California, USA",https://job-boards.greenhouse.io/obsidiansecurity/jobs/5213687008,True,2026-07-24 05:25:13.904668,2026-09-13 06:00:57.837352
35,pinterest,"Sr. Data Scientist, tvScientific","San Francisco, CA, US; Remote, US",https://www.pinterestcareers.com/jobs/?gh_jid=7642251,True,2026-07-24 03:56:21.881819,2026-09-13 06:01:03.988587
1204,cloverhealth,Senior Data Scientist,Remote - USA,https://job-boards.greenhouse.io/cloverhealth/jobs/7848974,True,2026-07-24 05:25:19.132787,2026-09-13 06:01:04.959567
1208,veracyte,Data Scientist III - Temporary,Remote ,https://veracyte.com/job-detail?gh_jid=5134376007,True,2026-07-24 05:25:19.865134,2026-09-13 06:01:05.727554
426,gatherai,Principal Data Engineer,Remote (India),https://job-boards.greenhouse.io/gatherai/jobs/5186046007,True,2026-07-24 05:20:45.360084,2026-09-13 06:00:29.196820
438,trace3,Data & Analytics,United States,https://job-boards.greenhouse.io/trace3/jobs/596230,True,2026-07-24 05:20:45.870798,2026-09-13 06:00:29.726735
445,abnormalsecurity,Technical Program Manager - AI & Data Systems,Remote - USA,https://abnormal.ai/careers/jobs/7773951003?gh_jid=7773951003,True,2026-07-24 05:20:46.535367,2026-09-13 06:00:30.856763
450,bryantparkconsulting,"Senior, NetSuite Consultant (Data Analytics)",India (Remote),https://www.bryantparkconsulting.com/careers/job-openings?gh_jid=6018433004,True,2026-07-24 05:20:47.300571,2026-09-13 06:00:31.946154
19222,airbnb,"Staff Software Engineer, Data Warehouse",USA,https://careers.airbnb.com/positions/8197715?gh_jid=8197715,True,2026-09-13 06:00:33.935801,2026-09-13 06:00:33.935801
754,olsson,Senior Commissioning Agent - Data Center (Travel Required),Remote,https://job-boards.greenhouse.io/olsson/jobs/5188250008,True,2026-07-24 05:24:53.054648,2026-09-13 06:00:34.413867
13172,olsson,Electrical Revit Designer - Data Centers,Remote,https://job-boards.greenhouse.io/olsson/jobs/5397533008,True,2026-08-22 06:00:23.813789,2026-09-13 06:00:34.413867
834,speechify,"Software Engineer, Data Infrastructure & Acquisition - Chapel Hill, NC, USA","Chapel Hill, NC, USA",https://job-boards.greenhouse.io/speechify/jobs/5975190004,True,2026-07-24 05:24:56.097273,2026-09-13 06:00:37.509209
5831,speechify,"Software Engineer, Data Infrastructure & Acquisition - Newark, NJ, USA","Newark, NJ, USA",https://job-boards.greenhouse.io/speechify/jobs/5975216004,True,2026-07-30 03:12:55.217548,2026-09-13 06:00:37.509209
5839,speechify,"Software Engineer, Data Infrastructure & Acquisition - Philadelphia, PA, USA","Philadelphia, PA, USA",https://job-boards.greenhouse.io/speechify/jobs/5975223004,True,2026-07-30 03:12:55.217548,2026-09-13 06:00:37.509209
932,cookunity,Staff Data Engineer,Latam (Remote),https://careers.cookunity.com/open-roles?gh_jid=6550160003,True,2026-07-24 05:24:57.338243,2026-09-13 06:00:38.881629
235,lilasciences,"Senior Software Engineer, Data","Cambridge, MA USA; San Francisco, CA USA",https://job-boards.greenhouse.io/lilasciences/jobs/4250077009,True,2026-07-24 05:20:30.589478,2026-09-13 06:00:06.985416
17224,block,"Staff Applied Machine Learning Engineer - Intelligent Data, Signals & Systems","Bay Area, CA, United States of America",http://block.xyz/careers/jobs/4959469008?gh_jid=4959469008,True,2026-09-04 06:00:56.053784,2026-09-13 06:00:43.489327
14947,datsolutions,Staff Data Engineer,"Denver, CO, USA",https://careers.dat.com/jobs/6147481004?gh_jid=6147481004,True,2026-08-28 06:00:43.974585,2026-09-13 06:00:46.539136
205,roblox,Senior Data Scientist - Consumer Frontend,"San Mateo, CA, United States",https://careers.roblox.com/jobs/7977682?gh_jid=7977682,True,2026-07-24 03:56:35.297012,2026-09-13 06:00:09.629293
462,airbnb,"Senior Platform Manager, Data Products, Finance Accounting",United States,https://careers.airbnb.com/positions/8070705?gh_jid=8070705,True,2026-07-24 05:20:48.957781,2026-09-13 06:00:33.935801
15807,kodiaksolutions,Senior Financial Data Analyst,Remote,https://job-boards.greenhouse.io/kodiaksolutions/jobs/4377657009,True,2026-08-31 06:00:50.379393,2026-09-13 06:00:48.980230
16667,zscaler,"Senior Staff Software Development Engineer, ZIA Core Datapath","San Jose, California, USA",https://job-boards.greenhouse.io/zscaler/jobs/5212224007,True,2026-09-01 06:01:09.780017,2026-09-13 06:00:55.349929
5413,cloverhealth,"Director of Engineering, Data Products",Remote - USA,https://job-boards.greenhouse.io/cloverhealth/jobs/8089032,True,2026-07-28 06:00:54.917511,2026-09-13 06:01:04.959567
463,airbnb,Senior Staff Data Engineer - Data Stewardship,United States,https://careers.airbnb.com/positions/7998356?gh_jid=7998356,True,2026-07-24 05:20:48.957781,2026-09-13 06:00:33.935801
469,harrisassociates,"Data Analyst, Data Ops ","Chicago, Illinois, United States",https://job-boards.greenhouse.io/harrisassociates/jobs/4661489006,True,2026-07-24 05:20:49.032944,2026-09-13 06:00:34.123406
472,freedomcare,Senior Data Analyst ,Remote,https://freedomcare.com/jobs/7786962003?gh_jid=7786962003,True,2026-07-24 05:20:49.208472,2026-09-13 06:00:34.203393
479,nexhealth,Staff Data Engineer ,"San Francisco, California, United States",https://www.nexhealth.com/careers/open-positions?gh_jid=5584552004,True,2026-07-24 05:20:49.396305,2026-09-13 06:00:34.348526
19242,olsson,Mechanical Engineer - Data Centers,Remote,https://job-boards.greenhouse.io/olsson/jobs/5420655008,True,2026-09-13 06:00:34.413867,2026-09-13 06:00:34.413867
13208,natera,"Director of Production Engineering, Extended-Hours Support (Data Science)",US Remote,https://job-boards.greenhouse.io/natera/jobs/6137671004,True,2026-08-22 06:00:25.674544,2026-09-13 06:00:36.375530
13209,natera,"Manager of Data Science Production Engineering, Data Engineering & Delivery",US Remote,https://job-boards.greenhouse.io/natera/jobs/6137669004,True,2026-08-22 06:00:25.674544,2026-09-13 06:00:36.375530
13211,natera,"Senior Manager of Data Science Production Engineering, DevOps",US Remote,https://job-boards.greenhouse.io/natera/jobs/6137673004,True,2026-08-22 06:00:25.674544,2026-09-13 06:00:36.375530
843,speechify,"Software Engineer, Data Infrastructure & Acquisition - Culver City, CA, USA","Culver City, CA, USA",https://job-boards.greenhouse.io/speechify/jobs/5975189004,True,2026-07-24 05:24:56.097273,2026-09-13 06:00:37.509209
854,speechify,"Software Engineer, Data Infrastructure & Acquisition - Gainesville, FL, USA","Gainesville, FL, USA",https://job-boards.greenhouse.io/speechify/jobs/5975327004,True,2026-07-24 05:24:56.097273,2026-09-13 06:00:37.509209
18666,americanequityinvestmentlifeinsurancecompany,Data Engineer Intern,"West Des Moines, Iowa, United States",https://www.american-equity.com/about/careers/openings?gh_jid=5233724007,True,2026-09-10 06:01:10.978336,2026-09-13 06:00:38.836692
416,sezzle,Senior Database Reliability Engineer ,"Brazil, Remote",https://job-boards.greenhouse.io/sezzle/jobs/7725284003,True,2026-07-24 05:20:44.142204,2026-09-13 06:00:27.898466
414,sezzle,Senior Database Reliability Engineer ,"Argentina, Remote",https://job-boards.greenhouse.io/sezzle/jobs/7725280003,True,2026-07-24 05:20:44.142204,2026-09-13 06:00:27.898466
7,altentechnologyusa,Practice Manager - AI & Data,"Troy, Michigan, United States",https://job-boards.greenhouse.io/altentechnologyusa/jobs/5172249007,True,2026-07-24 03:56:19.436269,2026-09-13 06:00:30.469736
736,olsson,Electrical Engineer Expert – Data Centers,Remote,https://job-boards.greenhouse.io/olsson/jobs/4973311008,True,2026-07-24 05:24:53.054648,2026-09-13 06:00:34.413867
19278,natera,Sr Clin Data Abstractor Temp to Hire,US Remote,https://job-boards.greenhouse.io/natera/jobs/6188291004,True,2026-09-13 06:00:36.375530,2026-09-13 06:00:36.375530
841,speechify,"Software Engineer, Data Infrastructure & Acquisition - Columbia, SC, USA","Columbia, SC, USA",https://job-boards.greenhouse.io/speechify/jobs/5975370004,True,2026-07-24 05:24:56.097273,2026-09-13 06:00:37.509209
5824,speechify,"Software Engineer, Data Infrastructure & Acquisition - Louisville, KY, USA","Louisville, KY, USA",https://job-boards.greenhouse.io/speechify/jobs/5975384004,True,2026-07-30 03:12:55.217548,2026-09-13 06:00:37.509209
18692,startree,"Senior Software Engineer, Data Platform",India (Remote),https://job-boards.greenhouse.io/startree/jobs/6182422004,True,2026-09-10 06:01:22.448622,2026-09-13 06:00:43.837227
17237,waymo,Data Infra Engineer ,"Mountain View, California, USA",https://careers.withwaymo.com/jobs?gh_jid=8171214,True,2026-09-04 06:00:59.130242,2026-09-13 06:00:44.648744
16568,waymo,"Senior Data Scientist, Simulation Capacity Optimization","Mountain View, CA, USA",https://careers.withwaymo.com/jobs?gh_jid=8163689,True,2026-09-01 06:01:00.265847,2026-09-13 06:00:44.648744
14991,fivetran,"Senior Data Analyst, People",USA - New York (dbt),https://www.fivetran.com/careers/job?gh_jid=7975857003,True,2026-08-28 06:00:45.637852,2026-09-13 06:00:47.937951
14992,fivetran,"Senior Data Analyst, People","Oakland, California, United States, AMER",https://www.fivetran.com/careers/job?gh_jid=7918612003,True,2026-08-28 06:00:45.637852,2026-09-13 06:00:47.937951
15895,toast,"Principal Product Manager, Enterprise Data Solutions ","Remote, US",https://careers.toasttab.com/jobs?gh_jid=8164100,True,2026-08-31 06:00:55.761189,2026-09-13 06:00:55.975179
16729,thrivemarket,Senior Data Analyst,"Playa Vista, CA or Remote ",https://thrivemarketjobs.com/job_posting.html?id=4388663009&gh_jid=4388663009,True,2026-09-01 06:01:13.683572,2026-09-13 06:00:59.564836
16730,thrivemarket,"Senior Data Analyst, Product","Playa Vista, CA or Remote ",https://thrivemarketjobs.com/job_posting.html?id=4388680009&gh_jid=4388680009,True,2026-09-01 06:01:13.683572,2026-09-13 06:00:59.564836
8831,speechify,"Software Engineer, Data Infrastructure & Acquisition - Kansas City, MO, USA","Kansas City, MO, USA",https://job-boards.greenhouse.io/speechify/jobs/5975203004,True,2026-08-04 06:00:31.217594,2026-09-13 06:00:37.509209
276,veeamsoftware,Sales Specialist - Data & AI Security,"Dallas, TX, USA",https://job-boards.eu.greenhouse.io/veeamsoftware/jobs/4763799101,True,2026-07-24 05:20:32.470807,2026-09-13 06:00:10.107671
879,speechify,"Software Engineer, Data Infrastructure & Acquisition - Pasadena, CA, USA","Pasadena, CA, USA",https://job-boards.greenhouse.io/speechify/jobs/5975195004,True,2026-07-24 05:24:56.097273,2026-09-13 06:00:37.509209
10773,reddit,Senior Data Scientist - Consumer,Remote - United States,https://job-boards.greenhouse.io/reddit/jobs/8126946,True,2026-08-13 06:00:14.293919,2026-09-13 06:00:19.598003
11642,devrev,Data Engineer,"Austin, Texas, United States",https://job-boards.greenhouse.io/devrev/jobs/6144414004,True,2026-08-16 06:00:23.539287,2026-09-13 06:00:32.573627
17289,avepoint,Senior Product Marketing Manager- AI & Data Security,"Arlington, VA, United States",https://www.avepoint.com/careers/job-detail?gh_jid=7622102,True,2026-09-04 06:01:07.046831,2026-09-13 06:00:47.008359
882,speechify,"Software Engineer, Data Infrastructure & Acquisition - Plano, TX, USA","Plano, TX, USA",https://job-boards.greenhouse.io/speechify/jobs/5975165004,True,2026-07-24 05:24:56.097273,2026-09-13 06:00:37.509209
17287,avepoint,Senior Product Marketing Manager- AI & Data Security,"Jersey City, NJ, United States",https://www.avepoint.com/careers/job-detail?gh_jid=7558498,True,2026-09-04 06:01:07.046831,2026-09-13 06:00:47.008359
738,olsson,Instrumentation and Controls Project Engineer - Data Center (Remote) ,Arizona - Remote; Arkansas - Remote; Colorado - Remote; Florida - Remote; Georgia - Remote; Idaho - Remote; Illinois - Remote; Indiana - Remote; Iowa - Remote; Kansas - Remote; Kentucky - Remote; Louisiana - Remote; Michigan - Remote; Minnesota - Remote; Mississippi - Remote; Missouri - Remote; Montana - Remote; Nebraska - Remote; Nevada - Remote; New Mexico - Remote; North Carolina - Remote; North Dakota - Remote; Ohio - Remote; Oklahoma - Remote; Oregon - Remote; Pennsylvania - Remote; South Carolina - Remote; South Dakota - Remote; Tennessee - Remote; Texas - Remote; Utah - Remote; Virginia - Remote; Washington - Remote; West Virginia - Remote; Wisconsin - Remote; Wyoming - Remote,https://job-boards.greenhouse.io/olsson/jobs/5066707008,True,2026-07-24 05:24:53.054648,2026-09-13 06:00:34.413867
9740,summittherapeutics,"Associate Director, Clinical Data Management","Palo Alto, California, United States",https://job-boards.greenhouse.io/summittherapeutics/jobs/4343231009,True,2026-08-07 06:00:41.527113,2026-09-13 06:00:48.011740
15005,stripe,"Engineering Manager, Data Transformation","US-SEA, US-SF, US-NYC, US-Remote",https://stripe.com/jobs/search?gh_jid=7688358,True,2026-08-28 06:00:46.085062,2026-09-13 06:00:48.438525
846,speechify,"Software Engineer, Data Infrastructure & Acquisition - Dayton, OH, USA","Dayton, OH, USA",https://job-boards.greenhouse.io/speechify/jobs/5975322004,True,2026-07-24 05:24:56.097273,2026-09-13 06:00:37.509209
8822,speechify,"Software Engineer, Data Infrastructure & Acquisition - Greensboro, NC, USA","Greensboro, NC, USA",https://job-boards.greenhouse.io/speechify/jobs/5975359004,True,2026-08-04 06:00:31.217594,2026-09-13 06:00:37.509209
19382,doximity,"Senior Software Engineer, Data","San Francisco, CA or Remote (U.S.)",https://job-boards.greenhouse.io/doximity/jobs/8155070,True,2026-09-13 06:00:37.540344,2026-09-13 06:00:37.540344
15007,stripe,"Specialist Solutions Architect, Data","SF, NY, Remote",https://stripe.com/jobs/search?gh_jid=8144262,True,2026-08-28 06:00:46.085062,2026-09-13 06:00:48.438525
860,speechify,"Software Engineer, Data Infrastructure & Acquisition - Jacksonville, FL, USA","Jacksonville, FL, USA",https://job-boards.greenhouse.io/speechify/jobs/5975208004,True,2026-07-24 05:24:56.097273,2026-09-13 06:00:37.509209
18695,block,"Senior Data Scientist, Risk and Support","Bay Area, CA, United States of America",http://block.xyz/careers/jobs/5412922008?gh_jid=5412922008,True,2026-09-10 06:01:22.917345,2026-09-13 06:00:43.489327
18694,block,"Senior Data Scientist, Risk and Support","Seattle, WA, United States of America",http://block.xyz/careers/jobs/5418716008?gh_jid=5418716008,True,2026-09-10 06:01:22.917345,2026-09-13 06:00:43.489327
17288,avepoint,Senior Product Marketing Manager- AI & Data Security,"Chicago, IL, United States",https://www.avepoint.com/careers/job-detail?gh_jid=7622105,True,2026-09-04 06:01:07.046831,2026-09-13 06:00:47.008359
9883,3cloud,Senior Director - Data Platforms & Architecture,Remote - US,https://job-boards.greenhouse.io/3cloud/jobs/8682596002?gh_jid=8682596002,True,2026-08-07 06:00:50.724787,2026-09-13 06:01:00.329415
9885,pingidentity,"Staff Software Engineer, Data Engineering – Identity & AI Agent Governance","USA - Austin, TX",https://job-boards.greenhouse.io/pingidentity/jobs/8649958002,True,2026-08-07 06:00:51.830855,2026-09-13 06:01:02.076720
16007,sagebionetworks,Senior Biomedical Research & Data Governance,Remote,https://job-boards.greenhouse.io/sagebionetworks/jobs/4387341009,True,2026-08-31 06:01:05.439459,2026-09-13 06:01:07.344370
9193,komodohealth,Senior Data Engineer,United States,https://job-boards.greenhouse.io/komodohealth/jobs/8687460002,True,2026-08-07 06:00:05.395032,2026-09-13 06:00:05.310638
4191,olsson,Licensed Traffic Engineer – Data Center,Arizona - Remote; Arkansas - Remote; Iowa - Remote; Kansas - Remote; Louisiana - Remote; Missouri - Remote; Oklahoma - Remote; Texas - Remote,https://job-boards.greenhouse.io/olsson/jobs/5370710008,True,2026-07-25 06:00:23.751224,2026-09-13 06:00:34.413867
9485,moloco,Senior Software Engineer - Applied Data,"Seattle, Washington, United States",https://job-boards.greenhouse.io/moloco/jobs/7519526003,True,2026-08-07 06:00:30.532453,2026-09-13 06:00:36.171213
783,moloco,Senior Software Engineer - Data Engineering - Moloco Commerce Media,"Menlo Park, California, United States",https://job-boards.greenhouse.io/moloco/jobs/7607957003,True,2026-07-24 05:24:54.635164,2026-09-13 06:00:36.171213
784,moloco,"Staff Data Scientist, Growth Data Science ","Menlo Park, California, United States; New York, New York, United States",https://job-boards.greenhouse.io/moloco/jobs/7766266003,True,2026-07-24 05:24:54.635164,2026-09-13 06:00:36.171213
782,glydways,Data Platform Engineering Lead,Remote,https://job-boards.greenhouse.io/glydways/jobs/5170949007,True,2026-07-24 05:24:54.621464,2026-09-13 06:00:36.218538
775,solutions,Data Lead - Advanced Primary Care Management,Remote,https://job-boards.greenhouse.io/solutions/jobs/4679119006,True,2026-07-24 05:24:54.109470,2026-09-13 06:00:36.473467
789,rhombuspower,"Data Engineer (U.S. Citizen, Secret/Top Secret), Washington D.C.","Washington, District of Columbia, United States",https://job-boards.greenhouse.io/rhombuspower/jobs/7760515003,True,2026-07-24 05:24:55.232602,2026-09-13 06:00:36.691725
790,rhombuspower,"Data Scientist (U.S. Citizen, Secret/Top Secret), Washington D.C.","Washington, District of Columbia, United States",https://job-boards.greenhouse.io/rhombuspower/jobs/7760506003,True,2026-07-24 05:24:55.232602,2026-09-13 06:00:36.691725
791,riotgames,Staff Data and AI Engineer - Enterprise,"Los Angeles, USA",https://www.riotgames.com/en/work-with-us/job/8014875?gh_jid=8014875,True,2026-07-24 05:24:55.280933,2026-09-13 06:00:36.726847
861,speechify,"Software Engineer, Data Infrastructure & Acquisition - Jersey City, NJ, USA","Jersey City, NJ, USA",https://job-boards.greenhouse.io/speechify/jobs/5975214004,True,2026-07-24 05:24:56.097273,2026-09-13 06:00:37.509209
883,speechify,"Software Engineer, Data Infrastructure & Acquisition - Princeton, NJ, USA","Princeton, NJ, USA",https://job-boards.greenhouse.io/speechify/jobs/5975220004,True,2026-07-24 05:24:56.097273,2026-09-13 06:00:37.509209
884,speechify,"Software Engineer, Data Infrastructure & Acquisition - Providence, RI, USA","Providence, RI, USA",https://job-boards.greenhouse.io/speechify/jobs/5975238004,True,2026-07-24 05:24:56.097273,2026-09-13 06:00:37.509209
19433,clear,"Data Engineer II, Analytics & Modeling ","New York, NY, United States ",https://job-boards.greenhouse.io/clear/jobs/8148139,True,2026-09-13 06:00:39.661465,2026-09-13 06:00:39.661465
18705,dataiku,Senior Data Scientist (German-speaking),"Germany, Remote",https://job-boards.greenhouse.io/dataiku/jobs/6186416004,True,2026-09-10 06:01:23.138898,2026-09-13 06:00:43.631070
17295,fivetran,"Global Technology Alliance Manager, Databricks","Remote, Colorado, United States, AMER",https://www.fivetran.com/careers/job?gh_jid=7985859003,True,2026-09-04 06:01:07.999882,2026-09-13 06:00:47.937951
29,pinterest,"Data Scientist II, ML Infrastructure","Palo Alto, CA, US; Remote, US",https://www.pinterestcareers.com/jobs/?gh_jid=8071670,True,2026-07-24 03:56:21.881819,2026-09-13 06:01:03.988587
9496,riotgames,"Senior Technical Producer - Central Technology, Data Foundations","Los Angeles, USA",https://www.riotgames.com/en/work-with-us/job/8104534?gh_jid=8104534,True,2026-08-07 06:00:31.100855,2026-09-13 06:00:36.726847
808,speechify,"Software Engineer, Data Infrastructure & Acquisition",Remote,https://job-boards.greenhouse.io/speechify/jobs/5032760004,True,2026-07-24 05:24:56.097273,2026-09-13 06:00:37.509209
806,speechify,"Software Engineer, Data Infrastructure & Acquisition",Remote,https://job-boards.greenhouse.io/speechify/jobs/5729778004,True,2026-07-24 05:24:56.097273,2026-09-13 06:00:37.509209
8855,speechify,"Software Engineer, Data Infrastructure & Acquisition - Raleigh, NC, USA","Raleigh, NC, USA",https://job-boards.greenhouse.io/speechify/jobs/5975185004,True,2026-08-04 06:00:31.217594,2026-09-13 06:00:37.509209
885,speechify,"Software Engineer, Data Infrastructure & Acquisition - Redmond, WA, USA","Redmond, WA, USA",https://job-boards.greenhouse.io/speechify/jobs/5975145004,True,2026-07-24 05:24:56.097273,2026-09-13 06:00:37.509209
8858,speechify,"Software Engineer, Data Infrastructure & Acquisition - Richmond, VA, USA","Richmond, VA, USA",https://job-boards.greenhouse.io/speechify/jobs/5975252004,True,2026-08-04 06:00:31.217594,2026-09-13 06:00:37.509209
73,omadahealth,"Senior Software Engineer, Data Engineering","Remote, USA",https://job-boards.greenhouse.io/omadahealth/jobs/8052607,True,2026-07-24 03:56:25.179047,2026-09-13 06:00:37.737782
931,cookunity,"Staff Data Analyst, Marketplace Insights",Argentina (Remote),https://careers.cookunity.com/open-roles?gh_jid=7703393003,True,2026-07-24 05:24:57.338243,2026-09-13 06:00:38.881629
19450,vaynermedia,Resident - Data Analytics,"United States- New York, NY",https://vaynermedia.com/careers?gh_jid=8126062,True,2026-09-13 06:00:42.957914,2026-09-13 06:00:42.957914
19451,vaynermedia,Resident - Data Analytics,"United States- Los Angeles, CA",https://vaynermedia.com/careers?gh_jid=8097753,True,2026-09-13 06:00:42.957914,2026-09-13 06:00:42.957914
135,waymo,Senior Data Scientist,"Mountain View, California, USA; San Francisco, California, USA",https://careers.withwaymo.com/jobs?gh_jid=7456042,True,2026-07-24 03:56:31.161115,2026-09-13 06:00:44.648744
18726,waymo,Sr. Staff Data Architect ,"Mountain View, California, USA",https://careers.withwaymo.com/jobs?gh_jid=8164870,True,2026-09-10 06:01:25.264066,2026-09-13 06:00:44.648744
18733,waymo,"Tech Lead Manager, Data Engineer","Mountain View, California, USA",https://careers.withwaymo.com/jobs?gh_jid=7947334,True,2026-09-10 06:01:25.264066,2026-09-13 06:00:44.648744
144,waymo,"Technical Specialist, ML Data","Mountain View, CA, United States",https://careers.withwaymo.com/jobs?gh_jid=7656333,True,2026-07-24 03:56:31.161115,2026-09-13 06:00:44.648744
1009,datadog,Datadog for Startups Founding Engineering Lead,"San Francisco, California, USA",https://careers.datadoghq.com/detail/7536402/?gh_jid=7536402,True,2026-07-24 05:25:05.264597,2026-09-13 06:00:47.184482
9908,pinterest,"Staff Data Scientist, Notifications","San Francisco, CA, US; Remote, US",https://www.pinterestcareers.com/jobs/?gh_jid=8095343,True,2026-08-07 06:00:53.203474,2026-09-13 06:01:03.988587
1040,ensco,Scientific Data Analyst,"Melbourne, Florida, United States",https://job-boards.greenhouse.io/ensco/jobs/5279479008,True,2026-07-24 05:25:06.206089,2026-09-13 06:00:48.209595
17333,smartsheet,Principal Software Engineer - Observability & Telemetry Data,"Bellevue, WA, USA",https://job-boards.greenhouse.io/smartsheet/jobs/8172240,True,2026-09-04 06:01:10.213622,2026-09-13 06:00:50.277790
13865,sezzle,Senior Database Reliability Engineer ,"India, Remote",https://job-boards.greenhouse.io/sezzle/jobs/7725286003,True,2026-08-25 06:00:23.850505,2026-09-13 06:00:27.898466
13870,sezzle,Senior Database Reliability Engineer ,"Türkiye, Remote",https://job-boards.greenhouse.io/sezzle/jobs/7725285003,True,2026-08-25 06:00:23.850505,2026-09-13 06:00:27.898466
1069,shifttechnology,Data Scientist / Engineer (Healthcare Payment Integrity) ,US - Remote,https://job-boards.greenhouse.io/shifttechnology/jobs/5843676003,True,2026-07-24 05:25:09.742040,2026-09-13 06:00:53.658575
774,neuraflash,"Salesforce Technical Architect, Data & AI",Remote - United States,https://job-boards.greenhouse.io/neuraflash/jobs/6003043004,True,2026-07-24 05:24:53.978608,2026-09-13 06:00:35.406990
881,speechify,"Software Engineer, Data Infrastructure & Acquisition - Pittsburgh, PA, USA","Pittsburgh, PA, USA",https://job-boards.greenhouse.io/speechify/jobs/5975227004,True,2026-07-24 05:24:56.097273,2026-09-13 06:00:37.509209
18851,wisetack,"Data Analyst II, Treasury ","Remote, USA",https://job-boards.greenhouse.io/wisetack/jobs/4731344005,True,2026-09-10 06:01:35.148011,2026-09-10 06:01:35.148011
72,omadahealth,"Senior Software Engineer, Data & AI Platform","Remote, USA",https://job-boards.greenhouse.io/omadahealth/jobs/8055515,True,2026-07-24 03:56:25.179047,2026-09-13 06:00:37.737782
9799,gradientai,Principal Data Scientist,Remote,https://job-boards.greenhouse.io/gradientai/jobs/7826362003,True,2026-08-07 06:00:46.432532,2026-09-13 06:00:54.178819
19452,wundermanthompson,"Executive Director, Data Engineering","Detroit, Michigan, United States",https://www.vml.com/careers/job/8733209002?gh_jid=8733209002,True,2026-09-13 06:00:43.237278,2026-09-13 06:00:43.237278
988,brex,Data Engineer,"San Francisco, California, United States",https://www.brex.com/careers/8366850002?gh_jid=8366850002,True,2026-07-24 05:25:03.523095,2026-09-13 06:00:44.687374
9800,gradientai,Senior Data Scientist,Remote,https://job-boards.greenhouse.io/gradientai/jobs/7826309003,True,2026-08-07 06:00:46.432532,2026-09-13 06:00:54.178819
989,brex," Senior Software Engineer, Data Enablement Platform","San Francisco, California, United States",https://www.brex.com/careers/8605070002?gh_jid=8605070002,True,2026-07-24 05:25:03.523095,2026-09-13 06:00:44.687374
9802,gradientai,Staff Data Scientist,Remote,https://job-boards.greenhouse.io/gradientai/jobs/7826343003,True,2026-08-07 06:00:46.432532,2026-09-13 06:00:54.178819
1104,zscaler,"Specialist Account Executive, Data Security - Enterprise ","Remote - New York, USA",https://job-boards.greenhouse.io/zscaler/jobs/5179466007,True,2026-07-24 05:25:11.238042,2026-09-13 06:00:55.349929
15059,theoriamedical,"Director, Data & BI ",United States,https://job-boards.greenhouse.io/theoriamedical/jobs/5408691008?gh_jid=5408691008,True,2026-08-28 06:00:53.223313,2026-09-13 06:00:55.570214
1142,precisionmedicinegroup,Principal Data Engineer,"Remote, India",https://job-boards.greenhouse.io/precisionmedicinegroup/jobs/5995113004,True,2026-07-24 05:25:14.651381,2026-09-13 06:00:55.906553
1011,datadog,"Manager I, Engineering - Data Visualization Explorations","New York, New York, USA",https://careers.datadoghq.com/detail/7947742/?gh_jid=7947742,True,2026-07-24 05:25:05.264597,2026-09-13 06:00:47.184482
1012,datadog,"Product Manager II, AI & Data Security","Boston, Massachusetts, USA; New York, New York, USA",https://careers.datadoghq.com/detail/7982288/?gh_jid=7982288,True,2026-07-24 05:25:05.264597,2026-09-13 06:00:47.184482
1014,datadog,Senior Partner Program Manager - Datadog Reseller Program,"Boston, Massachusetts, USA; New York, New York, USA",https://careers.datadoghq.com/detail/7984983/?gh_jid=7984983,True,2026-07-24 05:25:05.264597,2026-09-13 06:00:47.184482
1039,ensco,Junior Scientific Data Analyst,"Melbourne, Florida, United States",https://job-boards.greenhouse.io/ensco/jobs/5354767008,True,2026-07-24 05:25:06.206089,2026-09-13 06:00:48.209595
962,block,"Staff Data Analyst, Block Compliance","New York, NY, United States of America",http://block.xyz/careers/jobs/5114747008?gh_jid=5114747008,True,2026-07-24 05:25:01.145252,2026-09-13 06:00:43.489327
963,block,"Staff Data Analyst, Block Compliance","Bay Area, CA, United States of America",http://block.xyz/careers/jobs/5098519008?gh_jid=5098519008,True,2026-07-24 05:25:01.145252,2026-09-13 06:00:43.489327
9264,torcrobotics,"Software Engineer, II - Autonomy Data ","Remote - US, Blacksburg, VA",https://job-boards.greenhouse.io/torcrobotics/jobs/8677422002,True,2026-08-07 06:00:14.652586,2026-09-13 06:00:15.561564
8793,speechify,"Software Engineer, Data Infrastructure & Acquisition - Boston, MA, USA","Boston, MA, USA",https://job-boards.greenhouse.io/speechify/jobs/5975128004,True,2026-08-04 06:00:31.217594,2026-09-13 06:00:37.509209
17350,nextdoor,Staff Data Scientist - Content Growth & Creator Strategy,US Remote,https://about.nextdoor.com/careers-list/?gh_jid=8178578,True,2026-09-04 06:01:12.321767,2026-09-13 06:00:51.921465
995,layerhealth,Clinical Quality Data Abstraction Specialist - CathPCI (Contractor),Remote (United States),https://job-boards.greenhouse.io/layerhealth/jobs/5108411008,True,2026-07-24 05:25:04.248919,2026-09-13 06:00:45.853791
917,kalshi,"Software Engineer, Data","New York, New York, United States",https://job-boards.greenhouse.io/kalshi/jobs/6089733003,True,2026-07-24 05:24:56.295115,2026-09-13 06:00:37.945980
182,formativgroup,Collibra Data Governance Specialist,Remote/United States - Full-Time,https://job-boards.greenhouse.io/formativgroup/jobs/4145685009,True,2026-07-24 03:56:34.156196,2026-09-13 06:00:54.408600
184,formativgroup,Data Strategy and Governance Manager,Remote with US Travel/ United States - Full-Time,https://job-boards.greenhouse.io/formativgroup/jobs/4301578009,True,2026-07-24 03:56:34.156196,2026-09-13 06:00:54.408600
15067,zscaler,Practice Architect - Data Security,USA - Update Location,https://job-boards.greenhouse.io/zscaler/jobs/5195927007,True,2026-08-28 06:00:54.755522,2026-09-13 06:00:55.349929
110,toast,Staff Data Scientist,"Remote, USA",https://careers.toasttab.com/jobs?gh_jid=8029049,True,2026-07-24 03:56:30.006346,2026-09-13 06:00:55.975179
1114,jordanparkgroup,"Senior Associate, Software Engineer – Data Platform & AI Applications","San Francisco, California, United States",https://job-boards.greenhouse.io/jordanparkgroup/jobs/5813897004,True,2026-07-24 05:25:12.893250,2026-09-13 06:00:55.408714
13876,accuweather,Data Architect I,"State College, PA or Remote",https://job-boards.greenhouse.io/accuweather/jobs/8153759,True,2026-08-25 06:00:24.827700,2026-09-13 06:00:28.829112
8797,speechify,"Software Engineer, Data Infrastructure & Acquisition - Busan, South Korea","Busan, South Korea",https://job-boards.greenhouse.io/speechify/jobs/5975408004,True,2026-08-04 06:00:31.217594,2026-09-13 06:00:37.509209
8803,speechify,"Software Engineer, Data Infrastructure & Acquisition - Cincinnati, OH, USA","Cincinnati, OH, USA",https://job-boards.greenhouse.io/speechify/jobs/5975197004,True,2026-08-04 06:00:31.217594,2026-09-13 06:00:37.509209
5875,speechify,"Software Engineer, Data Infrastructure & Acquisition - Tampa, FL, USA","Tampa, FL, USA",https://job-boards.greenhouse.io/speechify/jobs/5975204004,True,2026-07-30 03:12:55.217548,2026-09-13 06:00:37.509209
918,revolutionmedicines,"Associate Director, Clinical Data Management","Redwood City, California, United States",https://www.revmed.com/careers-list/?gh_jid=7811922003,True,2026-07-24 05:24:56.496596,2026-09-13 06:00:38.094786
964,block,"Staff Data Scientist, Pricing","Bay Area, CA, United States of America",http://block.xyz/careers/jobs/5364922008?gh_jid=5364922008,True,2026-07-24 05:25:01.145252,2026-09-13 06:00:43.489327
19483,waymo,"Senior Software Engineer, Mapping Data & Eval ","San Francisco, CA, USA; Mountain View, CA, USA",https://careers.withwaymo.com/jobs?gh_jid=8177548,True,2026-09-13 06:00:44.648744,2026-09-13 06:00:44.648744
996,layerhealth,Clinical Quality Data Abstraction Specialist - GWTG (Contractor),Remote (United States),https://job-boards.greenhouse.io/layerhealth/jobs/5108394008,True,2026-07-24 05:25:04.248919,2026-09-13 06:00:45.853791
186,formativgroup,Director of Engineering - Data Platform,"Remote/Austin, TX - Full-Time",https://job-boards.greenhouse.io/formativgroup/jobs/4287907009,True,2026-07-24 03:56:34.156196,2026-09-13 06:00:54.408600
13877,accuweather,Database Administrator III,"State College, PA or Remote",https://job-boards.greenhouse.io/accuweather/jobs/8153403,True,2026-08-25 06:00:24.827700,2026-09-13 06:00:28.829112
920,revolutionmedicines,"Associate Director, Medical Analytics and Exploratory Data Science","Redwood City, California, United States",https://www.revmed.com/careers-list/?gh_jid=7693791003,True,2026-07-24 05:24:56.496596,2026-09-13 06:00:38.094786
758,olsson,Senior Mechanical Engineer - Data Centers,Remote,https://job-boards.greenhouse.io/olsson/jobs/5367200008,True,2026-07-24 05:24:53.054648,2026-09-13 06:00:34.413867
39,pinterest,"Staff Data Scientist, Finance & Business Ops","San Francisco, CA, US; Remote, US",https://www.pinterestcareers.com/jobs/?gh_jid=8036273,True,2026-07-24 03:56:21.881819,2026-09-13 06:01:03.988587
89,securityscorecard,Senior Data Engineer,Remote (Argentina),https://job-boards.greenhouse.io/securityscorecard/jobs/8031475,True,2026-07-24 03:56:27.806270,2026-09-13 06:00:51.502623
18883,precisionmedicinegroup,Senior Clinical Data Engineer (LATAM),"Remote, Argentina; Remote, Brazil; Remote, Colombia; Remote, Mexico",https://job-boards.greenhouse.io/precisionmedicinegroup/jobs/6184742004,True,2026-09-10 06:01:36.388482,2026-09-13 06:00:55.906553
103,hasbro,Data Platform Engineer,"Boston, Massachusetts, United States",https://job-boards.greenhouse.io/hasbro/jobs/4287583009,True,2026-07-24 03:56:29.901130,2026-09-13 06:00:36.995812
13355,revolutionmedicines,"Prinicpal Product Manager, G&A Data & Intelligence","Redwood City, California, United States",https://www.revmed.com/careers-list/?gh_jid=7775246003,True,2026-08-22 06:00:27.246045,2026-09-13 06:00:38.094786
40,pinterest,"Staff Data Scientist, Forecasting","San Francisco, CA, US; Remote, US",https://www.pinterestcareers.com/jobs/?gh_jid=8001932,True,2026-07-24 03:56:21.881819,2026-09-13 06:01:03.988587
41,pinterest,"Staff Software Engineer, Big Data Storage","Palo Alto, CA, US; Remote, US",https://www.pinterestcareers.com/jobs/?gh_jid=7437356,True,2026-07-24 03:56:21.881819,2026-09-13 06:01:03.988587
17380,drivewealth,"Principal Data Engineer, Analytics","AMER-US-Remote; Austin, Texas, United States; Dallas, Texas, United States; Denver, Colorado, United States; Miami, Florida, United States; Office - Chicago; Office - NYC; San Francisco, California, United States; Seattle, Washington, United States",https://boards.greenhouse.io/drivewealth/jobs/7603896003?gh_jid=7603896003,True,2026-09-04 06:01:16.835463,2026-09-13 06:00:54.604764
9272,cribl,Staff Data Engineer,Remote - United States,https://cribl.io/job-detail/?gh_jid=6135124004,True,2026-08-07 06:00:15.431838,2026-09-13 06:00:17.353998
9814,oportun,Senior Data Engineer (R13923),Remote - MX,https://job-boards.greenhouse.io/oportun/jobs/4678047005,True,2026-08-07 06:00:47.122470,2026-09-13 06:00:55.549536
10823,databricks,Specialist Solutions Architect - Data Engineering & Warehousing (Financial Services),United States,https://databricks.com/company/careers/open-positions/job?gh_jid=8692962002,True,2026-08-13 06:00:17.960614,2026-09-13 06:00:24.394063
4234,natera,"Senior AI Engineer,  Real-World Data",US Remote,https://job-boards.greenhouse.io/natera/jobs/6017428004,True,2026-07-25 06:00:25.350401,2026-09-13 06:00:36.375530
13561,precisionmedicinegroup,Principal Database Programmer,"Remote, Hungary",https://job-boards.greenhouse.io/precisionmedicinegroup/jobs/6149741004,True,2026-08-22 06:00:41.361236,2026-09-13 06:00:55.906553
929,cookunity,"Senior Data Analyst, Growth Analytics (CRM)",Argentina (Remote),https://careers.cookunity.com/open-roles?gh_jid=6690455003,True,2026-07-24 05:24:57.338243,2026-09-13 06:00:38.881629
938,gametimeunited,"Senior Data Scientist, Marketing Analytics (Mobile)",United States - Remote,https://job-boards.greenhouse.io/gametimeunited/jobs/5068132008,True,2026-07-24 05:24:58.021700,2026-09-13 06:00:39.654161
946,kunai,Senior Cloud Data Engineer,Remote - United States,https://job-boards.greenhouse.io/kunai/jobs/5125076007,True,2026-07-24 05:24:59.517749,2026-09-13 06:00:41.181241
13565,precisionmedicinegroup,Principal Database Programmer,"Remote, Serbia",https://job-boards.greenhouse.io/precisionmedicinegroup/jobs/6149738004,True,2026-08-22 06:00:41.361236,2026-09-13 06:00:55.906553
18898,backblaze,"Data Center Technician I (On-site in Chandler, AZ)","Chandler, Arizona, United States",https://job-boards.greenhouse.io/backblaze/jobs/5400309008,True,2026-09-10 06:01:38.133080,2026-09-13 06:00:57.634469
13380,kunai,Senior Data Engineer,Remote - Mexico,https://job-boards.greenhouse.io/kunai/jobs/5207153007,True,2026-08-22 06:00:30.257569,2026-09-13 06:00:41.181241
953,guidepointsecurity,"Team Lead, Data Security - Northeast region (Remote)",Remote,https://boards.greenhouse.io/guidepointsecurity/jobs/5837957004?gh_jid=5837957004,True,2026-07-24 05:25:00.770889,2026-09-13 06:00:42.055984
958,block,"Senior Data Engineer, Risk","Bay Area, CA, United States of America",http://block.xyz/careers/jobs/5281312008?gh_jid=5281312008,True,2026-07-24 05:25:01.145252,2026-09-13 06:00:43.489327
139,waymo,"Senior Staff TLM, Data Mining and Sampling for ML and Evaluation","Mountain View, California, United States; San Francisco, California, United States; New York City, New York, United States.",https://careers.withwaymo.com/jobs?gh_jid=7426471,True,2026-07-24 03:56:31.161115,2026-09-13 06:00:44.648744
140,waymo,Staff Data Scientist,"Mountain View, California, USA; San Francisco, California, USA",https://careers.withwaymo.com/jobs?gh_jid=7458013,True,2026-07-24 03:56:31.161115,2026-09-13 06:00:44.648744
13449,datadog,Senior Data Engineer - Revenue Data Platform,"Boston, Massachusetts, USA; New York, New York, USA",https://careers.datadoghq.com/detail/8141967/?gh_jid=8141967,True,2026-08-22 06:00:35.029534,2026-09-13 06:00:47.184482
19570,perpay,"Data Engineering Internship, Summer 2027","Philadelphia, Pennsylvania, United States",https://job-boards.greenhouse.io/perpay/jobs/4076965007,True,2026-09-13 06:00:49.270599,2026-09-13 06:00:49.270599
19571,perpay,"Data Science Internship, Summer 2027","Philadelphia, Pennsylvania, United States",https://job-boards.greenhouse.io/perpay/jobs/4076978007,True,2026-09-13 06:00:49.270599,2026-09-13 06:00:49.270599
9,vianttechnology,"Staff Software Engineer (Data), TVision","Boston, Massachusetts, United States; New York, New York, United States",https://job-boards.greenhouse.io/vianttechnology/jobs/4255150009,True,2026-07-24 03:56:19.810513,2026-09-10 06:01:20.175956
12227,veeamsoftware,"Principal Product Marketing Manager, DataAI Privacy","Seattle, WA, USA",https://job-boards.eu.greenhouse.io/veeamsoftware/jobs/4954191101,True,2026-08-19 06:00:16.384123,2026-09-13 06:00:10.107671
1008,datadog,Datadog for Startups - Forward Deployed Engineering Lead,"San Francisco, California, USA",https://careers.datadoghq.com/detail/8003181/?gh_jid=8003181,True,2026-07-24 05:25:05.264597,2026-09-13 06:00:47.184482
12226,veeamsoftware,"Principal Product Marketing Manager, DataAI Privacy","San Jose, CA, USA",https://job-boards.eu.greenhouse.io/veeamsoftware/jobs/4935419101,True,2026-08-19 06:00:16.384123,2026-09-13 06:00:10.107671
9273,connectwise,IT Enterprise Data Architect,US-Remote,https://job-boards.greenhouse.io/connectwise/jobs/4721151005,True,2026-08-07 06:00:15.716586,2026-09-13 06:00:16.070151
3013,rubrik,"Sr Product Marketing Manager, Cloud Data Protection",United states,https://www.rubrik.com/company/careers/departments/job.8053682?gh_jid=8053682,True,2026-07-24 17:29:09.312209,2026-09-13 06:00:35.737568
1026,samsara,Senior Data Engineer,Remote - Canada,https://www.samsara.com/company/careers/roles/7997311?gh_jid=7997311,True,2026-07-24 05:25:05.441259,2026-09-13 06:00:47.336766
1027,samsara,Senior Data Engineer,Remote - US,https://www.samsara.com/company/careers/roles/7859702?gh_jid=7859702,True,2026-07-24 05:25:05.441259,2026-09-13 06:00:47.336766
1025,samsara,Senior Data Engineer,Remote - US,https://www.samsara.com/company/careers/roles/7964565?gh_jid=7964565,True,2026-07-24 05:25:05.441259,2026-09-13 06:00:47.336766
1024,samsara,Senior Data Engineer,Remote - Canada,https://www.samsara.com/company/careers/roles/8025794?gh_jid=8025794,True,2026-07-24 05:25:05.441259,2026-09-13 06:00:47.336766
837,speechify,"Software Engineer, Data Infrastructure & Acquisition - Chattanooga, TN, USA","Chattanooga, TN, USA",https://job-boards.greenhouse.io/speechify/jobs/5975381004,True,2026-07-24 05:24:56.097273,2026-09-13 06:00:37.509209
8815,speechify,"Software Engineer, Data Infrastructure & Acquisition - Evanston, IL, USA","Evanston, IL, USA",https://job-boards.greenhouse.io/speechify/jobs/5975209004,True,2026-08-04 06:00:31.217594,2026-09-13 06:00:37.509209
1028,samsara,Senior Data Engineer II,Remote - US,https://www.samsara.com/company/careers/roles/8039914?gh_jid=8039914,True,2026-07-24 05:25:05.441259,2026-09-13 06:00:47.336766
8853,speechify,"Software Engineer, Data Infrastructure & Acquisition - Portland, OR, USA","Portland, OR, USA",https://job-boards.greenhouse.io/speechify/jobs/5975150004,True,2026-08-04 06:00:31.217594,2026-09-13 06:00:37.509209
944,descript,"Lead Data Scientist, Product ","San Francisco, CA or Remote, US",https://boards.greenhouse.io/descript/jobs/7780518003?gh_jid=7780518003,True,2026-07-24 05:24:58.974316,2026-09-13 06:00:40.584380
1029,samsara,Senior Marketing Analytics Manager - BI & Data Architecture,Remote - US,https://www.samsara.com/company/careers/roles/7917475?gh_jid=7917475,True,2026-07-24 05:25:05.441259,2026-09-13 06:00:47.336766
1033,xebiausa,"Director/Sr Director of Sales, Data/AI (Databricks)",United States,https://job-boards.greenhouse.io/xebiausa/jobs/5012018004,True,2026-07-24 05:25:05.518249,2026-09-13 06:00:47.384895
19573,checkr,Product Data Analyst II,"San Francisco, California, United States",https://job-boards.greenhouse.io/checkr/jobs/8188741,True,2026-09-13 06:00:50.014279,2026-09-13 06:00:50.014279
999,mcghealth,"Senior Product Manager, Data Platform",Remote,https://job-boards.greenhouse.io/mcghealth/jobs/8530849002,True,2026-07-24 05:25:04.926964,2026-09-13 06:00:46.820064
1007,mongodb,"Product Manager, Internal Financial Data",Austin; New York City; Palo Alto; San Francisco; United States,https://www.mongodb.com/careers/job/?gh_jid=7908293,True,2026-07-24 05:25:05.271582,2026-09-13 06:00:47.089333
1021,mongodb,Senior Data Analyst,United States,https://www.mongodb.com/careers/job/?gh_jid=7696633,True,2026-07-24 05:25:05.271582,2026-09-13 06:00:47.089333
18901,verkada,"Product Marketing Manager, Privacy and Data Security","San Mateo, CA United States",https://job-boards.greenhouse.io/verkada/jobs/5150337007,True,2026-09-10 06:01:38.648564,2026-09-13 06:00:58.202497
1006,datadog,AI Research Scientist - Datadog AI Research (DAIR),"New York, New York, USA",https://careers.datadoghq.com/detail/6572669/?gh_jid=6572669,True,2026-07-24 05:25:05.264597,2026-09-13 06:00:47.184482
1070,eclipse,Data Scientist (AI Data & LLM Specialist),Remote,https://job-boards.greenhouse.io/eclipse/jobs/4981191008,True,2026-07-24 05:25:10.014852,2026-09-13 06:00:53.900565
1037,fivetran,Senior Pricing Data Scientist,"Remote, Illinois, United States, AMER",https://www.fivetran.com/careers/job?gh_jid=7806295003,True,2026-07-24 05:25:06.030023,2026-09-13 06:00:47.937951
9279,coinbase,"Staff Analytics Engineer, Compliance Data",Remote - USA,https://www.coinbase.com/careers/positions/8104148?gh_jid=8104148,True,2026-08-07 06:00:16.237327,2026-09-13 06:00:18.376304
1049,smartsheet,Sr. Data Scientist II (Remote Eligible)," -REMOTE, USA-",https://job-boards.greenhouse.io/smartsheet/jobs/8056301,True,2026-07-24 05:25:07.234164,2026-09-13 06:00:50.277790
1055,extend,Lead Risk Analytics Data Scientist,"Remote, US",https://job-boards.greenhouse.io/extend/jobs/5991092004,True,2026-07-24 05:25:08.155398,2026-09-13 06:00:51.172798
19591,nextdoor,Data Scientist - Ads Marketplace,US Remote,https://about.nextdoor.com/careers-list/?gh_jid=8198106,True,2026-09-13 06:00:51.921465,2026-09-13 06:00:51.921465
10845,figma,"Manager, Software Engineering - Data Platform","San Francisco, CA • New York, NY • United States",https://boards.greenhouse.io/figma/jobs/6135721004?gh_jid=6135721004,True,2026-08-13 06:00:19.478511,2026-09-13 06:00:26.065917
1063,nextdoor,Data Scientist - Search,US Remote,https://about.nextdoor.com/careers-list/?gh_jid=7948362,True,2026-07-24 05:25:08.428575,2026-09-13 06:00:51.921465
1067,shifttechnology,Data Science internship - Spanish speaker (6months),France - Remote,https://job-boards.greenhouse.io/shifttechnology/jobs/7676940003,True,2026-07-24 05:25:09.742040,2026-09-13 06:00:53.658575
121,tatari,Data Science Manager,"Los Angeles, California, United States",https://job-boards.greenhouse.io/tatari/jobs/8196927002,True,2026-07-24 03:56:30.360511,2026-09-13 06:00:53.996819
120,tatari,Data Science Manager,"San Francisco, California, United States",https://job-boards.greenhouse.io/tatari/jobs/8196929002,True,2026-07-24 03:56:30.360511,2026-09-13 06:00:53.996819
11700,olsson,Structural BIM Manager - Data Centers,Remote,https://job-boards.greenhouse.io/olsson/jobs/5391652008,True,2026-08-16 06:00:24.959461,2026-09-13 06:00:34.413867
11671,olsson,Electrical Engineers - Data Centers,Remote,https://job-boards.greenhouse.io/olsson/jobs/5391633008,True,2026-08-16 06:00:24.959461,2026-09-13 06:00:34.413867
12818,precisionmedicinegroup,Data Analyst,"Remote, India",https://job-boards.greenhouse.io/precisionmedicinegroup/jobs/5804833004,True,2026-08-19 06:01:11.619499,2026-09-13 06:00:55.906553
1068,shifttechnology,Data Science Manager (AI SaaS Healthcare Products) ,US - Remote,https://job-boards.greenhouse.io/shifttechnology/jobs/7806205003,True,2026-07-24 05:25:09.742040,2026-09-13 06:00:53.658575
15104,abclegalservices,"Data Entry Specialist, Remote ",Florida US (Remote) ,https://www.abclegal.com/job-openings/job?id=7978639003&gh_jid=7978639003,True,2026-08-28 06:00:56.752385,2026-09-13 06:00:56.529163
122,tatari,Senior Data Engineer,"New York, New York, United States",https://job-boards.greenhouse.io/tatari/jobs/8646729002,True,2026-07-24 03:56:30.360511,2026-09-13 06:00:53.996819
11697,olsson,Senior Power Systems Studies Engineer - SCCAF - Data Centers,Remote,https://job-boards.greenhouse.io/olsson/jobs/5391621008,True,2026-08-16 06:00:24.959461,2026-09-13 06:00:34.413867
123,tatari,Senior Data Engineer,"San Francisco, California, United States",https://job-boards.greenhouse.io/tatari/jobs/8646725002,True,2026-07-24 03:56:30.360511,2026-09-13 06:00:53.996819
15105,abclegalservices,"Data Entry Specialist, Remote ",Mississippi US (Remote) ,https://www.abclegal.com/job-openings/job?id=7978646003&gh_jid=7978646003,True,2026-08-28 06:00:56.752385,2026-09-13 06:00:56.529163
1092,qualtrics,Staff Data Scientist AI/ML,"Seattle, Washington,  United States",https://www.qualtrics.com/careers/us/en/job/8003715?gh_jid=8003715,True,2026-07-24 05:25:10.569638,2026-09-10 06:01:35.173714
8812,speechify,"Software Engineer, Data Infrastructure & Acquisition - Detroit, MI, USA","Detroit, MI, USA",https://job-boards.greenhouse.io/speechify/jobs/5975191004,True,2026-08-04 06:00:31.217594,2026-09-13 06:00:37.509209
18912,phdata,"Director, AI & Data Product Management",US - Remote,https://www.phdata.io/jobs?gh_jid=8178818,True,2026-09-10 06:01:39.432808,2026-09-13 06:00:59.930314
13403,carrotfertility,"Sr. Manager, Data Engineering ",Remote,https://job-boards.greenhouse.io/carrotfertility/jobs/6144265004,True,2026-08-22 06:00:32.460822,2026-09-13 06:00:44.265611
1036,fivetran,Principal Software Engineer - Data Lakes,"Remote, Germany, EMEA",https://www.fivetran.com/careers/job?gh_jid=7771684003,True,2026-07-24 05:25:06.030023,2026-09-13 06:00:47.937951
17386,zscaler,Principal Software Engineer (C / Networking / Dataplane),"San Jose, California, USA",https://job-boards.greenhouse.io/zscaler/jobs/5216930007,True,2026-09-04 06:01:17.635587,2026-09-13 06:00:55.349929
17394,zscaler,Senior Staff Software Engineer (C / Networking / Dataplane),"San Jose, California, USA",https://job-boards.greenhouse.io/zscaler/jobs/5216928007,True,2026-09-04 06:01:17.635587,2026-09-13 06:00:55.349929
12309,taskrabbit,Senior Data Engineer,"San Francisco, California, United States",https://job-boards.greenhouse.io/taskrabbit/jobs/8130488,True,2026-08-19 06:00:26.556306,2026-09-13 06:00:22.280362
12839,idme,Senior Software Engineer – Platform & Data Infrastructure,"McLean, Virginia; Mountain View, California, United States",https://job-boards.greenhouse.io/idme/jobs/7864537003,True,2026-08-19 06:01:15.760474,2026-09-13 06:00:57.508677
42,pinterest,"Staff Software Engineer, Big Data, tvScientific","San Francisco, CA, US; Remote, US",https://www.pinterestcareers.com/jobs/?gh_jid=7642253,True,2026-07-24 03:56:21.881819,2026-09-13 06:01:03.988587
364,twilio,"Staff, Analytics Engineer, GTM Data Science & Analytics",Remote - US,https://job-boards.greenhouse.io/twilio/jobs/8008538,True,2026-07-24 05:20:39.445559,2026-09-13 06:00:22.730188
366,twilio,Staff Software Engineer (L4) Data Platform,Remote - US,https://job-boards.greenhouse.io/twilio/jobs/7782805,True,2026-07-24 05:20:39.445559,2026-09-13 06:00:22.730188
8820,speechify,"Software Engineer, Data Infrastructure & Acquisition - Frisco, TX, USA","Frisco, TX, USA",https://job-boards.greenhouse.io/speechify/jobs/5975167004,True,2026-08-04 06:00:31.217594,2026-09-13 06:00:37.509209
13413,waymo,Staff Data Engineer,"Mountain View, California, USA",https://careers.withwaymo.com/jobs?gh_jid=7438328,True,2026-08-22 06:00:33.160470,2026-09-13 06:00:44.648744
13409,waymo,"Senior Product Data Scientist, Planning","San Francisco, CA, USA; Mountain View, CA, USA",https://careers.withwaymo.com/jobs?gh_jid=8082480,True,2026-08-22 06:00:33.160470,2026-09-13 06:00:44.648744
13417,waymo,"Staff Product Data Scientist, Experimentation","San Francisco, CA, USA; Mountain View, CA, USA",https://careers.withwaymo.com/jobs?gh_jid=8078241,True,2026-08-22 06:00:33.160470,2026-09-13 06:00:44.648744
13418,waymo,"Staff Product Data Scientist, Infrastructure","Mountain View, CA, USA; San Francisco, CA, USA",https://careers.withwaymo.com/jobs?gh_jid=8034894,True,2026-08-22 06:00:33.160470,2026-09-13 06:00:44.648744
15111,abclegalservices,"Data Entry Specialist, Remote ",Arkansas US (Remote) ,https://www.abclegal.com/job-openings/job?id=7978638003&gh_jid=7978638003,True,2026-08-28 06:00:56.752385,2026-09-13 06:00:56.529163
15109,abclegalservices,"Data Entry Specialist, Remote ",Wisconsin US (Remote) ,https://www.abclegal.com/job-openings/job?id=7978653003&gh_jid=7978653003,True,2026-08-28 06:00:56.752385,2026-09-13 06:00:56.529163
156,scoutmotors,"Specialist, Process optimization & Data Management","Blythewood, South Carolina, United States",https://job-boards.greenhouse.io/scoutmotors/jobs/5156974007,True,2026-07-24 03:56:31.405584,2026-09-13 06:00:25.217172
393,figma,"Software Engineer, Data Infrastructure","San Francisco, CA • New York, NY • United States",https://boards.greenhouse.io/figma/jobs/5551686004?gh_jid=5551686004,True,2026-07-24 05:20:42.438556,2026-09-13 06:00:26.065917
394,figma,"Technical Program Manager, Data","San Francisco, CA • New York, NY • United States",https://boards.greenhouse.io/figma/jobs/6009613004?gh_jid=6009613004,True,2026-07-24 05:20:42.438556,2026-09-13 06:00:26.065917
112,missionlane,"Director of Data Science, Credit Risk","Remote, United States",https://job-boards.greenhouse.io/missionlane/jobs/8089484002,True,2026-07-24 03:56:30.209471,2026-09-13 06:00:27.067568
10854,clinchoice,Senior Real World Data Programmer Consultant,United States,https://job-boards.eu.greenhouse.io/clinchoice/jobs/4948143101,True,2026-08-13 06:00:20.598616,2026-09-13 06:00:27.253197
15110,abclegalservices,"Data Entry Specialist, Remote ",North Dakota US (Remote) ,https://www.abclegal.com/job-openings/job?id=7978649003&gh_jid=7978649003,True,2026-08-28 06:00:56.752385,2026-09-13 06:00:56.529163
15112,abclegalservices,"Data Entry Specialist, Remote ",Montana US (Remote) ,https://www.abclegal.com/job-openings/job?id=7978647003&gh_jid=7978647003,True,2026-08-28 06:00:56.752385,2026-09-13 06:00:56.529163
17415,happymoney,"Senior Manager, Data Strategy & Analytics","Remote, USA",https://job-boards.greenhouse.io/happymoney/jobs/4356370009,True,2026-09-04 06:01:18.934121,2026-09-13 06:00:56.748477
464,airbnb,"Senior Staff Data Scientist, Guest & Host Marketplace AI",Remote,https://careers.airbnb.com/positions/7107054?gh_jid=7107054,True,2026-07-24 05:20:48.957781,2026-09-13 06:00:33.935801
465,airbnb,"Senior Staff Machine Learning Engineer, Data & Eval",United States,https://careers.airbnb.com/positions/6757302?gh_jid=6757302,True,2026-07-24 05:20:48.957781,2026-09-13 06:00:33.935801
5810,speechify,"Software Engineer, Data Infrastructure & Acquisition - Fremont, CA, USA","Fremont, CA, USA",https://job-boards.greenhouse.io/speechify/jobs/5975180004,True,2026-07-30 03:12:55.217548,2026-09-13 06:00:37.509209
19673,crunchyroll,Lead Finance Data Analyst,"Los Angeles, California, United States",https://boards.greenhouse.io/crunchyroll/jobs/8186885?gh_jid=8186885,True,2026-09-13 06:00:57.502628,2026-09-13 06:00:57.502628
9300,dropbox,"Infrastructure Software Engineer, Metadata Core",Remote - Poland,https://jobs.dropbox.com/listing/7958409?gh_jid=7958409,True,2026-08-07 06:00:17.685561,2026-09-13 06:00:21.582465
9303,dropbox,"Senior Manager, Data Engineering",Remote - Canada: Select locations,https://jobs.dropbox.com/listing/8090065?gh_jid=8090065,True,2026-08-07 06:00:17.685561,2026-09-13 06:00:21.582465
12321,databricks,Specialist Solutions Architect - Data Warehousing (Healthcare & Life Sciences),United States,https://databricks.com/company/careers/open-positions/job?gh_jid=8604472002,True,2026-08-19 06:00:28.621874,2026-09-13 06:00:24.394063
5813,speechify,"Software Engineer, Data Infrastructure & Acquisition - Honolulu, HI, USA","Honolulu, HI, USA",https://job-boards.greenhouse.io/speechify/jobs/5975312004,True,2026-07-30 03:12:55.217548,2026-09-13 06:00:37.509209
8830,speechify,"Software Engineer, Data Infrastructure & Acquisition - Jerusalem, Israel","Jerusalem, Israel",https://job-boards.greenhouse.io/speechify/jobs/5975240004,True,2026-08-04 06:00:31.217594,2026-09-13 06:00:37.509209
866,speechify,"Software Engineer, Data Infrastructure & Acquisition - Madison, WI, USA","Madison, WI, USA",https://job-boards.greenhouse.io/speechify/jobs/5975184004,True,2026-07-24 05:24:56.097273,2026-09-13 06:00:37.509209
877,speechify,"Software Engineer, Data Infrastructure & Acquisition - Orlando, FL, USA","Orlando, FL, USA",https://job-boards.greenhouse.io/speechify/jobs/5975202004,True,2026-07-24 05:24:56.097273,2026-09-13 06:00:37.509209
15113,abclegalservices,"Data Entry Specialist, Remote ",Indiana US (Remote) ,https://www.abclegal.com/job-openings/job?id=7978640003&gh_jid=7978640003,True,2026-08-28 06:00:56.752385,2026-09-13 06:00:56.529163
17430,backblaze,Data Center Technician I ,"Reston, Virginia, United States",https://job-boards.greenhouse.io/backblaze/jobs/5400314008,True,2026-09-04 06:01:19.743389,2026-09-13 06:00:57.634469
19690,verkada,"Supply Chain Manager, Data Operations ","San Mateo, CA United States",https://job-boards.greenhouse.io/verkada/jobs/5235121007,True,2026-09-13 06:00:58.202497,2026-09-13 06:00:58.202497
18964,psiquantum,"Director, Datacenter System Architecture","Palo Alto, California, United States",https://www.psiquantum.com/apply?gh_jid=7989251003,True,2026-09-10 06:01:43.532674,2026-09-13 06:01:04.827471
18966,psiquantum,"Technical Product Management Lead, Datacenter Networking & Optical Interconnect","Palo Alto, California, United States",https://www.psiquantum.com/apply?gh_jid=7984551003,True,2026-09-10 06:01:43.532674,2026-09-13 06:01:04.827471
13419,waymo,"Staff Product Data Scientist, Paid Media","Mountain View, CA, USA; San Francisco, CA, USA",https://careers.withwaymo.com/jobs?gh_jid=8031521,True,2026-08-22 06:00:33.160470,2026-09-13 06:00:44.648744
9329,yesenergy,Data Engineer II,"Boulder, Colorado, United States",https://job-boards.greenhouse.io/yesenergy/jobs/5284694008,True,2026-08-07 06:00:19.048855,2026-09-13 06:00:22.836779
107,toast,Data Scientist II,"Remote, USA",https://careers.toasttab.com/jobs?gh_jid=7984730,True,2026-07-24 03:56:30.006346,2026-09-13 06:00:55.975179
17433,verkada,"Project Manager, Data Trust","San Mateo, CA United States",https://job-boards.greenhouse.io/verkada/jobs/5226792007,True,2026-09-04 06:01:20.156545,2026-09-13 06:00:58.202497
12333,scoutmotors,"Systems Specialist, AI Data","Charlotte, North Carolina, United States",https://job-boards.greenhouse.io/scoutmotors/jobs/5212214007,True,2026-08-19 06:00:29.204641,2026-09-13 06:00:25.217172
14652,mozilla,Marketing Data Science Manager,Remote Canada,https://job-boards.greenhouse.io/mozilla/jobs/8157047,True,2026-08-28 06:00:29.234461,2026-09-13 06:00:29.305623
19691,physicsx,Data Scientist ,"New York, United States",https://job-boards.eu.greenhouse.io/physicsx/jobs/4644839101,True,2026-09-13 06:00:58.910451,2026-09-13 06:00:58.910451
12904,digicert,Senior Data Platform Engineer,"India, Remote",https://www.digicert.com/careers/?gh_jid=8698017002,True,2026-08-19 06:01:22.826560,2026-09-13 06:01:05.856736
4,altentechnologyusa,Data Architect,"Herndon, Virginia, United States",https://job-boards.greenhouse.io/altentechnologyusa/jobs/5192416007,True,2026-07-24 03:56:19.436269,2026-09-13 06:00:30.469736
104,hasbro,"Manager, Data Analytics","Renton, Washington, United States; United States",https://job-boards.greenhouse.io/hasbro/jobs/4285180009,True,2026-07-24 03:56:29.901130,2026-09-13 06:00:36.995812
8787,speechify,"Software Engineer, Data Infrastructure & Acquisition - Bakersfield, CA, USA","Bakersfield, CA, USA",https://job-boards.greenhouse.io/speechify/jobs/5975280004,True,2026-08-04 06:00:31.217594,2026-09-13 06:00:37.509209
818,speechify,"Software Engineer, Data Infrastructure & Acquisition - Baltimore, MD, USA","Baltimore, MD, USA",https://job-boards.greenhouse.io/speechify/jobs/5975256004,True,2026-07-24 05:24:56.097273,2026-09-13 06:00:37.509209
966,block,"Staff Product Data Scientist, Lending","Seattle, WA, United States of America",http://block.xyz/careers/jobs/5192640008?gh_jid=5192640008,True,2026-07-24 05:25:01.145252,2026-09-13 06:00:43.489327
5418,videoamp,Principal Database Infrastructure Engineer,United States,http://videoamp.com/job?gh_jid=8650900002,True,2026-07-28 06:00:55.155600,2026-09-13 06:01:05.158100
905,speechify,"Software Engineer, Data Infrastructure & Acquisition - State College, PA, USA","State College, PA, USA",https://job-boards.greenhouse.io/speechify/jobs/5975334004,True,2026-07-24 05:24:56.097273,2026-09-13 06:00:37.509209
101,asteralabs,Sr. Principal Business Manager – Data Center & AI Infrastructure,"Research Triangle Park, North Carolina, United States",https://job-boards.greenhouse.io/asteralabs/jobs/4706724005,True,2026-07-24 03:56:29.512841,2026-09-13 06:00:40.672067
5512,gigaenergy,"Senior Technical Project Manager, Data Center Infrastructure","Houston, TX or Remote, US",https://job-boards.greenhouse.io/gigaenergy/jobs/5278691008,True,2026-07-30 03:12:37.321986,2026-09-13 06:00:12.689469
15133,verkada,"Senior Software Engineer, Business Systems - Data Trust","San Mateo, CA United States",https://job-boards.greenhouse.io/verkada/jobs/5221364007,True,2026-08-28 06:00:59.116190,2026-09-13 06:00:58.202497
5513,gigaenergy,"Technical Project Manager, Data Center Infrastructure","Houston, TX or Remote, US",https://job-boards.greenhouse.io/gigaenergy/jobs/5278652008,True,2026-07-30 03:12:37.321986,2026-09-13 06:00:12.689469
5581,taskrabbit,Staff Data Scientist,"San Francisco, California, United States",https://job-boards.greenhouse.io/taskrabbit/jobs/7651557,True,2026-07-30 03:12:41.973332,2026-09-13 06:00:22.280362
17441,phdata,AI & Data Strategy Architect ,US - Remote,https://www.phdata.io/jobs?gh_jid=8165237,True,2026-09-04 06:01:20.934040,2026-09-13 06:00:59.930314
12351,clinchoice,Senior Data Manager Consultant,United States,https://job-boards.eu.greenhouse.io/clinchoice/jobs/4945848101,True,2026-08-19 06:00:31.939983,2026-09-13 06:00:27.253197
17443,phdata,"Program Manager, AI & Data",LATAM - Remote,https://www.phdata.io/jobs?gh_jid=8082685,True,2026-09-04 06:01:20.934040,2026-09-13 06:00:59.930314
4876,eclinicalsolutions,Principal Clinical Data Manager,Remote ,https://job-boards.greenhouse.io/eclinicalsolutions/jobs/5196428007,True,2026-07-28 06:00:25.329947,2026-09-13 06:00:28.137481
8785,speechify,"Software Engineer, Data Infrastructure & Acquisition - Austin, TX, USA","Austin, TX, USA",https://job-boards.greenhouse.io/speechify/jobs/5976293004,True,2026-08-04 06:00:31.217594,2026-09-13 06:00:37.509209
17445,phdata,"Senior Consultant, Data Governance/MDM",US - Remote,https://www.phdata.io/jobs?gh_jid=8175686,True,2026-09-04 06:01:20.934040,2026-09-13 06:00:59.930314
17448,phdata,"Senior Program Manager, AI & Data",US - Remote,https://www.phdata.io/jobs?gh_jid=8167378,True,2026-09-04 06:01:20.934040,2026-09-13 06:00:59.930314
17447,phdata,"Senior Program Manager, AI & Data",LATAM - Remote,https://www.phdata.io/jobs?gh_jid=8172243,True,2026-09-04 06:01:20.934040,2026-09-13 06:00:59.930314
19718,gusto,Head of Sales Data Science & Analytics ,"Denver, CO - Hybrid; New York, New York, United States; San Francisco, CA - Hybrid",https://job-boards.greenhouse.io/gusto/jobs/7283301,True,2026-09-13 06:01:02.702953,2026-09-13 06:01:02.702953
9649,galaxydigitalservices,Site Development Associate – Data Center Development,"Waco, Texas (REMOTE)",https://job-boards.greenhouse.io/galaxydigitalservices/jobs/6134694004,True,2026-08-07 06:00:35.024940,2026-09-13 06:00:40.463053
142,waymo,"Staff Machine Learning Engineer, Data Flywheel","Mountain View, CA USA;  San Francisco, CA USA;",https://careers.withwaymo.com/jobs?gh_jid=7593522,True,2026-07-24 03:56:31.161115,2026-09-13 06:00:44.648744
13473,fivetran,"Global Technology Alliance Manager, Databricks","Oakland, California, United States, AMER",https://www.fivetran.com/careers/job?gh_jid=7850882003,True,2026-08-22 06:00:35.772224,2026-09-13 06:00:47.937951
5518,alphasense,"Director, Product Marketing – Premium Content & Data",Remote - United States,https://job-boards.greenhouse.io/alphasense/jobs/8428321002,True,2026-07-30 03:12:38.276528,2026-09-13 06:00:15.466712
4502,valohealth,"Staff Data Scientist, Computational Biology","Lexington, Massachusetts, United States; Remote",https://job-boards.greenhouse.io/valohealth/jobs/8443273002,True,2026-07-25 06:00:37.353751,2026-09-13 06:00:50.434320
12364,sezzle,Data Infrastructure Engineer Intern,"Colombia, Remote",https://job-boards.greenhouse.io/sezzle/jobs/7694238003,True,2026-08-19 06:00:33.337613,2026-09-13 06:00:27.898466
12365,sezzle,Product Data Intern ,"Colombia, Remote",https://job-boards.greenhouse.io/sezzle/jobs/6685976003,True,2026-08-19 06:00:33.337613,2026-09-13 06:00:27.898466
15159,seatgeek,"Senior Data Analyst, Risk Analytics",Remote - United States,https://seatgeek.com/jobs/8161997?gh_jid=8161997,True,2026-08-28 06:01:01.630740,2026-09-13 06:01:00.583732
17476,pinterest,"Principal Engineer, Big Data Platform","San Francisco, CA, US; Remote, US",https://www.pinterestcareers.com/jobs/?gh_jid=7683981,True,2026-09-04 06:01:23.998141,2026-09-13 06:01:03.988587
415,sezzle,Senior Database Reliability Engineer ,"Mexico, Remote",https://job-boards.greenhouse.io/sezzle/jobs/7725283003,True,2026-07-24 05:20:44.142204,2026-09-13 06:00:27.898466
9381,accuweather,Data Operations Engineer II ,"Remote or State College, PA",https://job-boards.greenhouse.io/accuweather/jobs/8111832,True,2026-08-07 06:00:24.584341,2026-09-13 06:00:28.829112
870,speechify,"Software Engineer, Data Infrastructure & Acquisition - Naperville, IL, USA","Naperville, IL, USA",https://job-boards.greenhouse.io/speechify/jobs/5975207004,True,2026-07-24 05:24:56.097273,2026-09-13 06:00:37.509209
888,speechify,"Software Engineer, Data Infrastructure & Acquisition - Riverside, CA, USA","Riverside, CA, USA",https://job-boards.greenhouse.io/speechify/jobs/5975315004,True,2026-07-24 05:24:56.097273,2026-09-13 06:00:37.509209
911,speechify,"Software Engineer, Data Infrastructure & Acquisition - Virginia Beach, VA, USA","Virginia Beach, VA, USA",https://job-boards.greenhouse.io/speechify/jobs/5975351004,True,2026-07-24 05:24:56.097273,2026-09-13 06:00:37.509209
922,revolutionmedicines,"Director, Medical Analytics and Exploratory Data Science","Redwood City, California, United States",https://www.revmed.com/careers-list/?gh_jid=7694158003,True,2026-07-24 05:24:56.496596,2026-09-13 06:00:38.094786
923,revolutionmedicines,Senior Clinical Data Manager,"Redwood City, California, United States",https://www.revmed.com/careers-list/?gh_jid=7810386003,True,2026-07-24 05:24:56.496596,2026-09-13 06:00:38.094786
9650,galaxydigitalservices,Site Development Associate – Data Center Development,"Lubbock, Texas (REMOTE)",https://job-boards.greenhouse.io/galaxydigitalservices/jobs/6134686004,True,2026-08-07 06:00:35.024940,2026-09-13 06:00:40.463053
137,waymo,"Senior Software Engineer, ML/Eval Data Platforms & Infrastructure","Mountain View, CA, USA; San Francisco, CA, USA",https://careers.withwaymo.com/jobs?gh_jid=7991303,True,2026-07-24 03:56:31.161115,2026-09-13 06:00:44.648744
984,brex,Data Analyst II,"San Francisco, California, United States",https://www.brex.com/careers/8463696002?gh_jid=8463696002,True,2026-07-24 05:25:03.523095,2026-09-13 06:00:44.687374
1106,zscaler,"Staff Machine Learning Engineer - Data Lake, Anomaly Detection","San Jose, California, USA",https://job-boards.greenhouse.io/zscaler/jobs/5114450007,True,2026-07-24 05:25:11.238042,2026-09-13 06:00:55.349929
1015,datadog,Senior Product Manager - Data Agent,"New York, New York, USA",https://careers.datadoghq.com/detail/7785350/?gh_jid=7785350,True,2026-07-24 05:25:05.264597,2026-09-13 06:00:47.184482
1035,purestorage,Technical Design Architect - Data Management,"Remote, United States",https://job-boards.greenhouse.io/purestorage/jobs/8027319,True,2026-07-24 05:25:05.880600,2026-09-13 06:00:47.932567
119,tatari,Data Science Manager,"New York, New York, United States",https://job-boards.greenhouse.io/tatari/jobs/8196928002,True,2026-07-24 03:56:30.360511,2026-09-13 06:00:53.996819
124,tatari,Senior Data Engineer,"Los Angeles, California, United States",https://job-boards.greenhouse.io/tatari/jobs/8646727002,True,2026-07-24 03:56:30.360511,2026-09-13 06:00:53.996819
126,tatari,Senior Data Platform Engineer,"New York, New York, United States",https://job-boards.greenhouse.io/tatari/jobs/8574225002,True,2026-07-24 03:56:30.360511,2026-09-13 06:00:53.996819
13563,precisionmedicinegroup,Principal Database Programmer,"Remote, Poland",https://job-boards.greenhouse.io/precisionmedicinegroup/jobs/6149732004,True,2026-08-22 06:00:41.361236,2026-09-13 06:00:55.906553
13564,precisionmedicinegroup,Principal Database Programmer,"Remote, Slovakia",https://job-boards.greenhouse.io/precisionmedicinegroup/jobs/6149735004,True,2026-08-22 06:00:41.361236,2026-09-13 06:00:55.906553
13562,precisionmedicinegroup,Principal Database Programmer,"Remote, Romania",https://job-boards.greenhouse.io/precisionmedicinegroup/jobs/6149717004,True,2026-08-22 06:00:41.361236,2026-09-13 06:00:55.906553
15164,babylist,"Senior Manager, Data Analytics",United States,https://job-boards.greenhouse.io/babylist/jobs/6135410004,True,2026-08-28 06:01:03.249384,2026-09-13 06:01:03.422824
43,pinterest,"Staff Technical Program Manager, Monetization Data Science","San Francisco, CA, US; Remote, US",https://www.pinterestcareers.com/jobs/?gh_jid=7494686,True,2026-07-24 03:56:21.881819,2026-09-13 06:01:03.988587
227,komodohealth,Staff Data Engineer,United States,https://job-boards.greenhouse.io/komodohealth/jobs/8508919002,True,2026-07-24 05:20:29.461619,2026-09-13 06:00:05.310638
202,roblox,"Principal Software Engineer, Data Infrastructure","San Mateo, CA, United States",https://careers.roblox.com/jobs/8029695?gh_jid=8029695,True,2026-07-24 03:56:35.297012,2026-09-13 06:00:09.629293
10015,parachutehealth,Lead Data Analyst ,U.S. Remote,https://job-boards.greenhouse.io/parachutehealth/jobs/4932660007,True,2026-08-10 06:00:16.531613,2026-09-13 06:00:18.261693
5558,dropbox,"Senior Manager, Data Engineering",Remote - US: Select locations,https://jobs.dropbox.com/listing/8090062?gh_jid=8090062,True,2026-07-30 03:12:41.209296,2026-09-13 06:00:21.582465
362,maymobility,"Director, Data Science","Remote, USA",https://job-boards.greenhouse.io/maymobility/jobs/8561428002,True,2026-07-24 05:20:38.888856,2026-09-13 06:00:22.172910
902,speechify,"Software Engineer, Data Infrastructure & Acquisition - Silver Spring, MD, USA","Silver Spring, MD, USA",https://job-boards.greenhouse.io/speechify/jobs/5975178004,True,2026-07-24 05:24:56.097273,2026-09-13 06:00:37.509209
961,block,"Staff Data Analyst, Block Compliance","Denver, CO, United States of America",http://block.xyz/careers/jobs/5114793008?gh_jid=5114793008,True,2026-07-24 05:25:01.145252,2026-09-13 06:00:43.489327
967,block,"Staff Product Data Scientist, Lending","New York, NY, United States of America",http://block.xyz/careers/jobs/5366281008?gh_jid=5366281008,True,2026-07-24 05:25:01.145252,2026-09-13 06:00:43.489327
127,tatari,Senior Data Platform Engineer,"Los Angeles, California, United States",https://job-boards.greenhouse.io/tatari/jobs/8574226002,True,2026-07-24 03:56:30.360511,2026-09-13 06:00:53.996819
7432,zocdoc,"Director, Marketing Data Science","New York, NY; Silicon Valley, CA; USA Remote",https://job-boards.greenhouse.io/zocdoc/jobs/7967886,True,2026-07-31 06:00:32.220178,2026-09-13 06:00:43.477532
965,block,"Staff Product Data Scientist, Lending","San Francisco, CA, United States of America",http://block.xyz/careers/jobs/5366284008?gh_jid=5366284008,True,2026-07-24 05:25:01.145252,2026-09-13 06:00:43.489327
10697,lilasciences,"Senior Software Engineer I/II, Back-end/Data, Robotics","Cambridge, MA USA",https://job-boards.greenhouse.io/lilasciences/jobs/4339324009,True,2026-08-13 06:00:08.680304,2026-09-13 06:00:06.985416
6983,roblox,"Senior Software Engineer, Data Engineering ","San Mateo, CA, United States",https://careers.roblox.com/jobs/8055450?gh_jid=8055450,True,2026-07-31 06:00:07.248744,2026-09-13 06:00:09.629293
6095,netskope,"Sr. Manager, Engineering, Data Lineage","Santa Clara, California, United States",https://www.netskope.com/company/careers/open-positions/?gh_jid=8095510,True,2026-07-30 03:13:11.000029,2026-09-13 06:00:56.171092
192,verkada,"Software Engineering Manager, Data Protection Platform","San Mateo, CA United States",https://job-boards.greenhouse.io/verkada/jobs/5173902007,True,2026-07-24 03:56:34.517589,2026-09-13 06:00:58.202497
6129,3cloud,Data Architect - Managed Services,Remote - US,https://job-boards.greenhouse.io/3cloud/jobs/8653931002?gh_jid=8653931002,True,2026-07-30 03:13:14.123543,2026-09-13 06:01:00.329415
6144,cargurus,"Sales Engineer, Data Solutions","Boston, Massachusetts, United States",https://careers.cargurus.com/us/en/job/8075632?gh_jid=8075632,True,2026-07-30 03:13:15.733472,2026-09-13 06:01:03.235397
9416,redcellpartners,Data & ML Engineer,"Remote, USA",https://job-boards.greenhouse.io/redcellpartners/jobs/5205467007,True,2026-08-07 06:00:28.120508,2026-09-13 06:00:33.274250
15179,pinterest,"Sr. Staff Software Engineer, Big Data Platform","Palo Alto; Seattle, WA; New York, NY; San Francisco, CA, US; Remote, US",https://www.pinterestcareers.com/jobs/?gh_jid=7494956,True,2026-08-28 06:01:04.832237,2026-09-13 06:01:03.988587
12414,airbnb,"Senior Data Scientist, Guest & Host",Remote,https://careers.airbnb.com/positions/7662244?gh_jid=7662244,True,2026-08-19 06:00:40.091658,2026-09-13 06:00:33.935801
10930,olsson,Construction Project Manager - Data Center,Remote,https://job-boards.greenhouse.io/olsson/jobs/5384541008,True,2026-08-13 06:00:26.585608,2026-09-13 06:00:34.413867
5907,snorkelai,"Director, Forward Deployed Researcher - Data as a Service","New York City, NY (Hybrid); Redwood City, CA (Hybrid); San Francisco, CA (Hybrid); United States (Remote)",https://job-boards.greenhouse.io/snorkelai/jobs/5837448004,True,2026-07-30 03:12:57.091486,2026-09-13 06:00:39.492896
134,waymo,"Senior Data Science Manager, Driving Quality","Mountain View, California, USA",https://careers.withwaymo.com/jobs?gh_jid=7239320,True,2026-07-24 03:56:31.161115,2026-09-13 06:00:44.648744
5905,beyondfinance,Lead Data Platform Engineer,Remote,https://job-boards.greenhouse.io/beyondfinance/jobs/8065650,True,2026-07-30 03:12:56.912609,2026-09-13 06:00:41.046855
5968,agilityrobotics,"Lead Data Scientist, Robotics",Remote,https://www.agilityrobotics.com/about/job-post?gh_jid=6127729004,True,2026-07-30 03:13:03.972577,2026-09-13 06:00:46.750127
6034,corcepttherapeutics," Associate Director, Clinical Data Management","Redwood City, California, United States",https://www.corcept.com/careers/current-opportunities/?gh_jid=6129147004,True,2026-07-30 03:13:08.718456,2026-09-13 06:00:53.587654
6054,formativgroup,Data Engineering - Consultant,Remote/India - Full-Time,https://job-boards.greenhouse.io/formativgroup/jobs/4336266009,True,2026-07-30 03:13:09.422679,2026-09-13 06:00:54.408600
1147,precisionmedicinegroup,Senior Clinical Data Manager (Mexico),"Remote, Mexico",https://job-boards.greenhouse.io/precisionmedicinegroup/jobs/6016712004,True,2026-07-24 05:25:14.651381,2026-09-13 06:00:55.906553
8005,hasbro,Data Engineer,"Boston, Massachusetts, United States",https://job-boards.greenhouse.io/hasbro/jobs/4267480009,True,2026-08-01 06:00:27.056511,2026-09-13 06:00:36.995812
991,brex,"Senior Software Engineer, Data Enablement Platform","Seattle, Washington, United States",https://www.brex.com/careers/8605074002?gh_jid=8605074002,True,2026-07-24 05:25:03.523095,2026-09-13 06:00:44.687374
7898,life360,"Senior Data Engineer II, AI Native","Remote, USA",https://job-boards.greenhouse.io/life360/jobs/8659252002,True,2026-08-01 06:00:20.231472,2026-09-13 06:00:28.535395
9427,airbnb,"Senior Data Scientist, Trust (Inference)",Remote - USA,https://careers.airbnb.com/positions/8059216?gh_jid=8059216,True,2026-08-07 06:00:28.563007,2026-09-13 06:00:33.935801
8262,stripe,"Product Counsel, Data Products",US remote,https://stripe.com/jobs/search?gh_jid=7930151,True,2026-08-01 06:00:37.134470,2026-09-13 06:00:48.438525
8710,olsson,Lead Electrical Engineer - Data Centers,"Chicago, IL; Dallas, TX; Denver, CO; Lincoln, NE; Minnesota - Remote; Oklahoma - Remote; Omaha, NE; Remote; St. Louis, MO; Wisconsin - Remote",https://job-boards.greenhouse.io/olsson/jobs/5378503008,True,2026-08-04 06:00:28.227930,2026-09-13 06:00:34.413867
234,lilasciences,"Principal Software Engineer, Data","Cambridge, MA USA; San Francisco, CA USA",https://job-boards.greenhouse.io/lilasciences/jobs/4250071009,True,2026-07-24 05:20:30.589478,2026-09-13 06:00:06.985416
992,brex,"Senior Software Engineer, Product Data Platform","Seattle, Washington, United States",https://www.brex.com/careers/8430197002?gh_jid=8430197002,True,2026-07-24 05:25:03.523095,2026-09-13 06:00:44.687374
993,brex,"Senior Software Engineer, Product Data Platform","San Francisco, California, United States",https://www.brex.com/careers/8430182002?gh_jid=8430182002,True,2026-07-24 05:25:03.523095,2026-09-13 06:00:44.687374
8280,extend,Senior Machine Learning Data Scientist,"Remote, US",https://job-boards.greenhouse.io/extend/jobs/6130367004,True,2026-08-01 06:00:38.812077,2026-09-13 06:00:51.172798
13592,verkada,"Senior Software Engineer, Data Platform","San Mateo, CA United States",https://job-boards.greenhouse.io/verkada/jobs/5215882007,True,2026-08-22 06:00:43.673423,2026-09-13 06:00:58.202497
9858,coalition,"Data Engineer, Security","Any location, United States",https://www.coalitioninc.com/job-posting?gh_jid=4721366005,True,2026-08-07 06:00:49.748755,2026-09-13 06:01:00.059334
15480,olsson,Lead Project Manager - Engineering Design - Data Center,Remote,https://job-boards.greenhouse.io/olsson/jobs/5409854008,True,2026-08-31 06:00:35.842378,2026-09-13 06:00:34.413867
8403,cargurus,"Senior Product Data Analyst, Dealer","Boston, Massachusetts, United States",https://careers.cargurus.com/us/en/job/8096751?gh_jid=8096751,True,2026-08-01 06:00:47.360000,2026-09-13 06:01:03.235397
15201,digicert,Senior Data Engineer - Full Stack,India Remote,https://www.digicert.com/careers/?gh_jid=8735073002,True,2026-08-28 06:01:07.184115,2026-09-13 06:01:05.856736
743,olsson,Mechanical Designer - Data Centers,Remote,https://job-boards.greenhouse.io/olsson/jobs/5285475008,True,2026-07-24 05:24:53.054648,2026-09-13 06:00:34.413867
8244,samsara,Senior Marketing Analytics Manager - BI & Data Architecture,Remote - Toronto,https://www.samsara.com/company/careers/roles/8099653?gh_jid=8099653,True,2026-08-01 06:00:36.119553,2026-09-13 06:00:47.336766
8250,enthought,Materials Data Scientist / Scientific Software Developer,"Austin, Texas, United States",https://www.enthought.com/careers?gh_jid=5198582007,True,2026-08-01 06:00:36.154871,2026-09-13 06:00:47.423592
8462,lilasciences,"Scientist II / Senior ML Scientist, Data-Efficient Learning for Drug Discovery","Cambridge, MA USA; London, UK; San Francisco, CA USA",https://job-boards.greenhouse.io/lilasciences/jobs/4340147009,True,2026-08-04 06:00:06.516335,2026-09-13 06:00:06.985416
8593,databricks,"Principal Event Marketing Manager, Data + AI World Tour",United States,https://databricks.com/company/careers/open-positions/job?gh_jid=8638646002,True,2026-08-04 06:00:19.508472,2026-09-13 06:00:24.394063
7866,figma,"Director, Data Science","San Francisco, CA • New York, NY • United States",https://boards.greenhouse.io/figma/jobs/6130865004?gh_jid=6130865004,True,2026-08-01 06:00:17.989054,2026-09-13 06:00:26.065917
7870,extrahopnetworks,Principal Software Engineer  | Data Science,"Remote | Seattle, WA",https://job-boards.greenhouse.io/extrahopnetworks/jobs/6100830004,True,2026-08-01 06:00:18.052737,2026-09-13 06:00:26.138457
745,olsson,Plumbing Designer - Data Center (Remote OR In-Person),"Arkansas - Remote; Florida - Remote; Iowa - Remote; Kansas - Remote; Louisiana - Remote; Missouri - Remote; Nebraska - Remote; Oklahoma - Remote; Phoenix, AZ; Texas - Remote",https://job-boards.greenhouse.io/olsson/jobs/5184476008,True,2026-07-24 05:24:53.054648,2026-09-13 06:00:34.413867
9081,precisionmedicinegroup,Content Analyst (Data Steward),"Remote, India",https://job-boards.greenhouse.io/precisionmedicinegroup/jobs/6131659004,True,2026-08-04 06:00:49.393574,2026-09-10 06:01:36.388482
48,cargurus,Senior Sales Data Analyst,"Boston, Massachusetts, United States",https://careers.cargurus.com/us/en/job/7972474?gh_jid=7972474,True,2026-07-24 03:56:22.061028,2026-09-10 06:01:42.022778
8847,speechify,"Software Engineer, Data Infrastructure & Acquisition - New York, NY, USA","New York, NY, USA",https://job-boards.greenhouse.io/speechify/jobs/5975122004,True,2026-08-04 06:00:31.217594,2026-09-13 06:00:37.509209
11130,vianttechnology,Sr. Software Engineer - AI & Data Platforms (Hybrid),"Irvine, California, United States; Los Angeles, California, United States",https://job-boards.greenhouse.io/vianttechnology/jobs/4354529009,True,2026-08-13 06:00:33.503188,2026-09-13 06:00:41.453112
141,waymo,"Staff Data Scientist, Weather","Mountain View, California, USA; San Francisco, California, USA",https://careers.withwaymo.com/jobs?gh_jid=8031401,True,2026-07-24 03:56:31.161115,2026-09-13 06:00:44.648744
1018,datadog,Senior Product Manager – Observability Data Platform,"New York, New York, USA",https://careers.datadoghq.com/detail/8065192/?gh_jid=8065192,True,2026-07-24 05:25:05.264597,2026-09-13 06:00:47.184482
1020,datadog,"Staff Product Manager, Observability Data Platforms","New York, New York, USA",https://careers.datadoghq.com/detail/8065187/?gh_jid=8065187,True,2026-07-24 05:25:05.264597,2026-09-13 06:00:47.184482
10733,stoketherapeutics,"Director, Clinical Data Management","Bedford, Massachusetts, United States",https://www.stoketherapeutics.com/careers/job-opportunities/?gh_jid=4703650006,True,2026-08-13 06:00:09.642393,2026-09-13 06:00:10.533584
9027,clenera,"Development Director, Data Centers","Boise, Idaho, United States",https://job-boards.greenhouse.io/clenera/jobs/5065505007,True,2026-08-04 06:00:46.208683,2026-09-13 06:00:51.646849
290,zetaglobal,Lead Software Engineer - Healthcare Data & Audience Applications,Remote - United States,https://job-boards.greenhouse.io/zetaglobal/jobs/5978158004,True,2026-07-24 05:20:33.188100,2026-09-13 06:00:11.067304
11277,formativgroup,Staff Software Engineer - Data Integration,Remote/United States- Full-Time,https://job-boards.greenhouse.io/formativgroup/jobs/4329725009,True,2026-08-13 06:00:43.357241,2026-09-13 06:00:54.408600
11299,precisionmedicinegroup,Clinical Data Manager,"Remote, Argentina; Remote, Brazil; Remote, Mexico",https://job-boards.greenhouse.io/precisionmedicinegroup/jobs/6135559004,True,2026-08-13 06:00:44.713335,2026-09-13 06:00:55.906553
11307,precisionmedicinegroup,Principal Clinical Data Scientist,"Remote, Mexico",https://job-boards.greenhouse.io/precisionmedicinegroup/jobs/5843517004,True,2026-08-13 06:00:44.713335,2026-09-13 06:00:55.906553
9158,pinterest,"Staff Data Scientist, Ads Delivery","San Francisco, CA, US; Remote, US",https://www.pinterestcareers.com/jobs/?gh_jid=8026607,True,2026-08-04 06:00:55.343487,2026-09-13 06:01:03.988587
12438,olsson,Mechanical Piping Engineer - Data Center,Remote,https://job-boards.greenhouse.io/olsson/jobs/5394796008,True,2026-08-19 06:00:40.244053,2026-09-13 06:00:34.413867
8722,olsson,Project Electrical Engineer - Data Centers (Remote),Remote,https://job-boards.greenhouse.io/olsson/jobs/5377939008,True,2026-08-04 06:00:28.227930,2026-09-13 06:00:34.413867
8784,speechify,"Software Engineer, Data Infrastructure & Acquisition - Atlanta, GA, USA","Atlanta, GA, USA",https://job-boards.greenhouse.io/speechify/jobs/5976287004,True,2026-08-04 06:00:31.217594,2026-09-13 06:00:37.509209
734,olsson,Commissioning Client Manager - Data Center,Remote,https://job-boards.greenhouse.io/olsson/jobs/5181811008,True,2026-07-24 05:24:53.054648,2026-09-13 06:00:34.413867
11106,revolutionmedicines,"Senior Manager, Compliance Monitoring & Data Analytics","Redwood City, California, United States",https://www.revmed.com/careers-list/?gh_jid=7835978003,True,2026-08-13 06:00:30.094625,2026-09-13 06:00:38.094786
10982,natera,Director of Data Science and Bioinformatics,US Remote,https://job-boards.greenhouse.io/natera/jobs/6135539004,True,2026-08-13 06:00:28.484284,2026-09-13 06:00:36.375530
935,anaplan,Principal Data Scientist - AI,"Pennsylvania-Remote, United States ",https://job-boards.greenhouse.io/anaplan/jobs/8580719002,True,2026-07-24 05:24:57.981888,2026-09-13 06:00:39.484799
896,speechify,"Software Engineer, Data Infrastructure & Acquisition - San Mateo, CA, USA","San Mateo, CA, USA",https://job-boards.greenhouse.io/speechify/jobs/5975177004,True,2026-07-24 05:24:56.097273,2026-09-13 06:00:37.509209
939,clear,"Senior Software Engineer, Data","New York, NY, United States ",https://job-boards.greenhouse.io/clear/jobs/7900173,True,2026-07-24 05:24:58.135353,2026-09-13 06:00:39.661465
11171,layerhealth,Clinical Data Integration Engineer,"Boston, Massachusetts, United States, New York, New York, United States",https://job-boards.greenhouse.io/layerhealth/jobs/4957587008,True,2026-08-13 06:00:37.187388,2026-09-13 06:00:45.853791
11197,samsara,Senior AI Data Engineer,Remote - US,https://www.samsara.com/company/careers/roles/8091855?gh_jid=8091855,True,2026-08-13 06:00:38.339560,2026-09-13 06:00:47.336766
11198,samsara,Senior AI Data Engineer,Remote - Canada,https://www.samsara.com/company/careers/roles/8126100?gh_jid=8126100,True,2026-08-13 06:00:38.339560,2026-09-13 06:00:47.336766
8875,speechify,"Software Engineer, Data Infrastructure & Acquisition - Tallahassee, FL, USA","Tallahassee, FL, USA",https://job-boards.greenhouse.io/speechify/jobs/5975329004,True,2026-08-04 06:00:31.217594,2026-09-13 06:00:37.509209
13608,ondofinance,Senior Data Engineer,Remote (US),https://job-boards.greenhouse.io/ondofinance/jobs/4376690009,True,2026-08-22 06:00:45.261262,2026-09-13 06:01:00.196347
11097,revolutionmedicines,"Associate Director, Global Commercial & Medical Data Products","Redwood City, California, United States",https://www.revmed.com/careers-list/?gh_jid=7856927003,True,2026-08-13 06:00:30.094625,2026-09-13 06:00:38.094786
11133,guidepointsecurity,Security Architect - Network and Data Security (Presales) - Northeast region ,Remote,https://boards.greenhouse.io/guidepointsecurity/jobs/6141904004?gh_jid=6141904004,True,2026-08-13 06:00:34.175481,2026-09-13 06:00:42.055984
11404,veracyte,Principal Data Scientist,"Canada ; San Diego, California, United States; South San Francisco, California, United States",https://veracyte.com/job-detail?gh_jid=5201557007,True,2026-08-13 06:00:52.282800,2026-09-13 06:01:05.727554
30,pinterest,"Software Engineer II, Big Data, tvScientific","San Francisco, CA, US; Remote, US",https://www.pinterestcareers.com/jobs/?gh_jid=7782546,True,2026-07-24 03:56:21.881819,2026-09-13 06:01:03.988587
864,speechify,"Software Engineer, Data Infrastructure & Acquisition - Lexington, KY, USA","Lexington, KY, USA",https://job-boards.greenhouse.io/speechify/jobs/5975387004,True,2026-07-24 05:24:56.097273,2026-09-13 06:00:37.509209
11179,avepoint,Chief Data and Analytics Officer,"New York, NY, USA",https://www.avepoint.com/careers/job-detail?gh_jid=8119298,True,2026-08-13 06:00:38.036658,2026-09-13 06:00:47.008359
890,speechify,"Software Engineer, Data Infrastructure & Acquisition - Sacramento, CA, USA","Sacramento, CA, USA",https://job-boards.greenhouse.io/speechify/jobs/5975183004,True,2026-07-24 05:24:56.097273,2026-09-13 06:00:37.509209
11284,zscaler,"Principal Specialist Sales Engineer, Data Security - Majors, East","Remote - D.C., USA; Remote - Maryland, USA; Remote - Massachusetts, USA; Remote - New Jersey, USA; Remote - New York, USA; Remote - Virginia, USA",https://job-boards.greenhouse.io/zscaler/jobs/5196229007,True,2026-08-13 06:00:44.207869,2026-09-13 06:00:55.349929
13613,3cloud,Principal Architect – Data Platforms & Architecture (SME),Remote - US,https://job-boards.greenhouse.io/3cloud/jobs/8615852002?gh_jid=8615852002,True,2026-08-22 06:00:45.374136,2026-09-13 06:01:00.329415
11216,fivetran,"Engineering Manager, Metadata","Oakland, California, United States",https://www.fivetran.com/careers/job?gh_jid=7859203003,True,2026-08-13 06:00:38.963071,2026-09-13 06:00:47.937951
16805,lilasciences,"Data Scientist II / Senior Data Scientist, Life Sciences  ","Cambridge, MA USA",https://job-boards.greenhouse.io/lilasciences/jobs/4378388009,True,2026-09-04 06:00:06.659539,2026-09-13 06:00:06.985416
16809,lilasciences,"Senior Data Engineer, Bioinformatics, Cheminformatics, Materials","San Francisco, CA USA",https://job-boards.greenhouse.io/lilasciences/jobs/4377096009,True,2026-09-04 06:00:06.659539,2026-09-13 06:00:06.985416
10089,scoutmotors,"Manager, Data Platform - AI Engineering","Charlotte, North Carolina, United States",https://job-boards.greenhouse.io/scoutmotors/jobs/5205871007,True,2026-08-10 06:00:21.469585,2026-09-13 06:00:25.217172
10211,taboola,Senior Data Scientist,"Los Angeles, California, United States",https://www.taboola.com/careers/job/8116173?gh_jid=8116173,True,2026-08-10 06:00:30.756543,2026-09-13 06:00:34.782464
50,five9,"Vice President, Data Science",United States (Remote),https://www.five9.com/about/careers/job-detail?gh_jid=5743985004,True,2026-07-24 03:56:22.135274,2026-09-13 06:00:40.566155
11138,startree,"Senior Software Engineer, Data Platform",India (Remote),https://job-boards.greenhouse.io/startree/jobs/6142775004,True,2026-08-13 06:00:34.785222,2026-09-13 06:00:43.837227
11215,fivetran,"Engineering Manager, Metadata","Denver, Colorado, United States, AMER",https://www.fivetran.com/careers/job?gh_jid=7823195003,True,2026-08-13 06:00:38.963071,2026-09-13 06:00:47.937951
11219,fivetran,"Senior Product Manager, Data & Integrations","Oakland, California, United States, AMER",https://www.fivetran.com/careers/job?gh_jid=7524543003,True,2026-08-13 06:00:38.963071,2026-09-13 06:00:47.937951
125,tatari,Senior Data Platform Engineer,"San Francisco, California, United States",https://job-boards.greenhouse.io/tatari/jobs/8574224002,True,2026-07-24 03:56:30.360511,2026-09-13 06:00:53.996819
862,speechify,"Software Engineer, Data Infrastructure & Acquisition - Kirkland, WA, USA","Kirkland, WA, USA",https://job-boards.greenhouse.io/speechify/jobs/5975147004,True,2026-07-24 05:24:56.097273,2026-09-13 06:00:37.509209
11285,zscaler,"Principal Specialist Sales Engineer, Data Security - SLED",Remote - USA,https://job-boards.greenhouse.io/zscaler/jobs/5196231007,True,2026-08-13 06:00:44.207869,2026-09-13 06:00:55.349929
11288,zscaler,Senior Product Manager - Data Protection,"San Jose, California, USA",https://job-boards.greenhouse.io/zscaler/jobs/5068701007,True,2026-08-13 06:00:44.207869,2026-09-13 06:00:55.349929
11289,zscaler,Senior Specialist Sales Engineer - Data Security,Remote - UK,https://job-boards.greenhouse.io/zscaler/jobs/5196225007,True,2026-08-13 06:00:44.207869,2026-09-13 06:00:55.349929
928,cookunity,"Director, Data Science/ML",United States (Remote),https://careers.cookunity.com/open-roles?gh_jid=7611442003,True,2026-07-24 05:24:57.338243,2026-09-13 06:00:38.881629
16816,acryldata,Senior Product Manager  - Observability & Data Quality,"Palo Alto, California, United States",https://job-boards.greenhouse.io/acryldata/jobs/5186170007,True,2026-09-04 06:00:07.800794,2026-09-13 06:00:08.564855
478,nexhealth,Platform Engineering Manager - DataLake,"Seattle, Washington, United States",https://www.nexhealth.com/careers/open-positions?gh_jid=5680730004,True,2026-07-24 05:20:49.396305,2026-09-13 06:00:34.348526
732,olsson,BMS Design Engineer - Data Center,Remote,https://job-boards.greenhouse.io/olsson/jobs/5234520008,True,2026-07-24 05:24:53.054648,2026-09-13 06:00:34.413867
5815,speechify,"Software Engineer, Data Infrastructure & Acquisition - Huntsville, AL, USA","Huntsville, AL, USA",https://job-boards.greenhouse.io/speechify/jobs/5975198004,True,2026-07-30 03:12:55.217548,2026-09-13 06:00:37.509209
5822,speechify,"Software Engineer, Data Infrastructure & Acquisition - Long Beach, CA, USA","Long Beach, CA, USA",https://job-boards.greenhouse.io/speechify/jobs/5975138004,True,2026-07-30 03:12:55.217548,2026-09-13 06:00:37.509209
892,speechify,"Software Engineer, Data Infrastructure & Acquisition - San Antonio, TX, USA","San Antonio, TX, USA",https://job-boards.greenhouse.io/speechify/jobs/5975171004,True,2026-07-24 05:24:56.097273,2026-09-13 06:00:37.509209
894,speechify,"Software Engineer, Data Infrastructure & Acquisition - San Francisco, CA, USA","San Francisco, CA, USA",https://job-boards.greenhouse.io/speechify/jobs/5975120004,True,2026-07-24 05:24:56.097273,2026-09-13 06:00:37.509209
901,speechify,"Software Engineer, Data Infrastructure & Acquisition - Seattle, WA, USA","Seattle, WA, USA",https://job-boards.greenhouse.io/speechify/jobs/5976295004,True,2026-07-24 05:24:56.097273,2026-09-13 06:00:37.509209
8877,speechify,"Software Engineer, Data Infrastructure & Acquisition - Tempe, AZ, USA","Tempe, AZ, USA",https://job-boards.greenhouse.io/speechify/jobs/5975161004,True,2026-08-04 06:00:31.217594,2026-09-13 06:00:37.509209
16824,roblox,"Senior Data Engineer, Economy ","San Mateo, CA, United States",https://careers.roblox.com/jobs/8172297?gh_jid=8172297,True,2026-09-04 06:00:08.236248,2026-09-13 06:00:09.629293
215,roblox,"Senior Software Engineer - Data Infrastructure, Safety","San Mateo, CA, United States",https://careers.roblox.com/jobs/7852258?gh_jid=7852258,True,2026-07-24 03:56:35.297012,2026-09-13 06:00:09.629293
10869,sezzle,"Sr Fraud Data Analyst, P2P & Cash Advance","United States, Remote",https://job-boards.greenhouse.io/sezzle/jobs/7749935003,True,2026-08-13 06:00:21.303477,2026-09-13 06:00:27.898466
737,olsson,Electrical Instrumentation Engineer - Data Center,"Arizona - Remote; Arkansas - Remote; Dallas, TX; Florida - Remote; Georgia - Remote; Idaho - Remote; Indiana - Remote; Iowa - Remote; Kansas - Remote; Kansas City, MO; Kentucky - Remote; Louisiana - Remote; Michigan - Remote; Mississippi - Remote; Missouri - Remote; Montana - Remote; Nebraska - Remote; New Mexico - Remote; North Carolina - Remote; Oklahoma - Remote; Omaha, NE; Tennessee - Remote; Texas - Remote; Utah - Remote",https://job-boards.greenhouse.io/olsson/jobs/5188412008,True,2026-07-24 05:24:53.054648,2026-09-13 06:00:34.413867
895,speechify,"Software Engineer, Data Infrastructure & Acquisition - San Jose, CA, USA","San Jose, CA, USA",https://job-boards.greenhouse.io/speechify/jobs/5975160004,True,2026-07-24 05:24:56.097273,2026-09-13 06:00:37.509209
985,brex,Data Analyst II,"New York, New York, United States",https://www.brex.com/careers/8463702002?gh_jid=8463702002,True,2026-07-24 05:25:03.523095,2026-09-13 06:00:44.687374
990,brex,"Senior Software Engineer, Data Enablement Platform","New York, New York, United States",https://www.brex.com/careers/8605062002?gh_jid=8605062002,True,2026-07-24 05:25:03.523095,2026-09-13 06:00:44.687374
13620,gusto,Growth Data Science Leader,"Denver, CO - Hybrid; New York, New York, United States; San Francisco, CA - Hybrid",https://job-boards.greenhouse.io/gusto/jobs/7357545,True,2026-08-22 06:00:46.917053,2026-09-13 06:01:02.702953
11655,airbnb,Senior Data Scientist - Payments (Inference),Remote - USA,https://careers.airbnb.com/positions/8123037?gh_jid=8123037,True,2026-08-16 06:00:24.630395,2026-09-13 06:00:33.935801
16836,veeamsoftware,"Director, Data Governance (REMOTE, WA)","Remote, United States",https://job-boards.eu.greenhouse.io/veeamsoftware/jobs/4957177101,True,2026-09-04 06:00:08.647062,2026-09-13 06:00:10.107671
746,olsson,Power Systems Engineer - PSCAD - Data Centers,Remote,https://job-boards.greenhouse.io/olsson/jobs/5170143008,True,2026-07-24 05:24:53.054648,2026-09-13 06:00:34.413867
16848,veeamsoftware,Sales Specialist - Data & AI Security (Chicago),"Chicago, IL, USA",https://job-boards.eu.greenhouse.io/veeamsoftware/jobs/4966170101,True,2026-09-04 06:00:08.647062,2026-09-13 06:00:10.107671
915,speechify,"Software Engineer, Data Infrastructure & Acquisition - Winston-Salem, NC, USA","Winston-Salem, NC, USA",https://job-boards.greenhouse.io/speechify/jobs/5975363004,True,2026-07-24 05:24:56.097273,2026-09-13 06:00:37.509209
111,fetch,Actuarial Data Scientist,Remote,https://job-boards.greenhouse.io/fetch/jobs/4299553009,True,2026-07-24 03:56:30.034776,2026-09-13 06:00:46.680175
11944,agilityrobotics,"Staff Software Engineer, Data Platform",Remote,https://www.agilityrobotics.com/about/job-post?gh_jid=6144405004,True,2026-08-16 06:00:35.775486,2026-09-13 06:00:46.750127
11220,fivetran,"Senior Product Manager, Data & Integrations","Denver, Colorado, United States, AMER",https://www.fivetran.com/careers/job?gh_jid=7524547003,True,2026-08-13 06:00:38.963071,2026-09-13 06:00:47.937951
11986,fivetran,Senior Software Engineer - Metadata,"Denver, Colorado, United States, AMER",https://www.fivetran.com/careers/job?gh_jid=7865559003,True,2026-08-16 06:00:36.922558,2026-09-13 06:00:47.937951
11987,fivetran,Senior Software Engineer - Metadata,"Oakland, California, United States",https://www.fivetran.com/careers/job?gh_jid=7865591003,True,2026-08-16 06:00:36.922558,2026-09-13 06:00:47.937951
12014,securityscorecard,Senior Data Scientist ,Remote (Canada),https://job-boards.greenhouse.io/securityscorecard/jobs/8126399,True,2026-08-16 06:00:39.329321,2026-09-13 06:00:51.502623
12015,securityscorecard,Senior Data Scientist ,Remote (Argentina),https://job-boards.greenhouse.io/securityscorecard/jobs/8126530,True,2026-08-16 06:00:39.329321,2026-09-13 06:00:51.502623
12013,securityscorecard,Senior Data Scientist ,Remote (Brazil),https://job-boards.greenhouse.io/securityscorecard/jobs/8129222,True,2026-08-16 06:00:39.329321,2026-09-13 06:00:51.502623
12037,formativgroup,Data & Analytics Alliance Manager,Remote/ US - Full - Time,https://job-boards.greenhouse.io/formativgroup/jobs/4368483009,True,2026-08-16 06:00:41.236082,2026-09-13 06:00:54.408600
11221,fivetran,"Staff Software Engineer, Metadata","Remote, California, United States, AMER",https://www.fivetran.com/careers/job?gh_jid=7823193003,True,2026-08-13 06:00:38.963071,2026-09-13 06:00:47.937951
12131,gusto,Senior Data Engineer,"Denver, CO - Hybrid; New York, New York, United States; San Francisco, CA - Hybrid",https://job-boards.greenhouse.io/gusto/jobs/8099751,True,2026-08-16 06:00:47.269091,2026-09-13 06:01:02.702953
11988,fivetran,"Staff Software Engineer, Metadata","Denver, Colorado, United States, AMER",https://www.fivetran.com/careers/job?gh_jid=7864598003,True,2026-08-16 06:00:36.922558,2026-09-13 06:00:47.937951
13641,pinterest,"Staff Technical Program Manager, Data Science","San Francisco, CA, US; Remote, US",https://www.pinterestcareers.com/jobs/?gh_jid=8067933,True,2026-08-22 06:00:48.005156,2026-09-13 06:01:03.988587
16852,algolia,Senior GTM Data Operations Manager ,Remote - United States,https://job-boards.greenhouse.io/algolia/jobs/6180234004,True,2026-09-04 06:00:08.847007,2026-09-13 06:00:09.977690
14549,reddit,"Senior Data Scientist, Ads Integrity",Remote - United States,https://job-boards.greenhouse.io/reddit/jobs/8157580,True,2026-08-28 06:00:16.613370,2026-09-13 06:00:19.598003
748,olsson,Project Civil Engineer - Data Center,Remote,https://job-boards.greenhouse.io/olsson/jobs/5183054008,True,2026-07-24 05:24:53.054648,2026-09-13 06:00:34.413867
812,speechify,"Software Engineer, Data Infrastructure & Acquisition - Alexandria, VA, USA","Alexandria, VA, USA",https://job-boards.greenhouse.io/speechify/jobs/5975245004,True,2026-07-24 05:24:56.097273,2026-09-13 06:00:37.509209
819,speechify,"Software Engineer, Data Infrastructure & Acquisition - Baton Rouge, LA, USA","Baton Rouge, LA, USA",https://job-boards.greenhouse.io/speechify/jobs/5975321004,True,2026-07-24 05:24:56.097273,2026-09-13 06:00:37.509209
822,speechify,"Software Engineer, Data Infrastructure & Acquisition - Bend, OR, USA","Bend, OR, USA",https://job-boards.greenhouse.io/speechify/jobs/5975290004,True,2026-07-24 05:24:56.097273,2026-09-13 06:00:37.509209
8790,speechify,"Software Engineer, Data Infrastructure & Acquisition - Birmingham, AL, USA","Birmingham, AL, USA",https://job-boards.greenhouse.io/speechify/jobs/5975317004,True,2026-08-04 06:00:31.217594,2026-09-13 06:00:37.509209
833,speechify,"Software Engineer, Data Infrastructure & Acquisition - Champaign, IL, USA","Champaign, IL, USA",https://job-boards.greenhouse.io/speechify/jobs/5975316004,True,2026-07-24 05:24:56.097273,2026-09-13 06:00:37.509209
8806,speechify,"Software Engineer, Data Infrastructure & Acquisition - College Station, TX, USA","College Station, TX, USA",https://job-boards.greenhouse.io/speechify/jobs/5975310004,True,2026-08-04 06:00:31.217594,2026-09-13 06:00:37.509209
8816,speechify,"Software Engineer, Data Infrastructure & Acquisition - Fort Collins, CO, USA","Fort Collins, CO, USA",https://job-boards.greenhouse.io/speechify/jobs/5975295004,True,2026-08-04 06:00:31.217594,2026-09-13 06:00:37.509209
900,speechify,"Software Engineer, Data Infrastructure & Acquisition - Scottsdale, AZ, USA","Scottsdale, AZ, USA",https://job-boards.greenhouse.io/speechify/jobs/5975159004,True,2026-07-24 05:24:56.097273,2026-09-13 06:00:37.509209
14443,komodohealth,Senior Data Product Manager,"Remote, United States",https://job-boards.greenhouse.io/komodohealth/jobs/8752285002,True,2026-08-28 06:00:04.587300,2026-09-13 06:00:05.310638
15106,abclegalservices,"Data Entry Specialist, Remote ",Oklahoma US (Remote) ,https://www.abclegal.com/job-openings/job?id=7978650003&gh_jid=7978650003,True,2026-08-28 06:00:56.752385,2026-09-13 06:00:56.529163
13670,cognite,Sr. Data Engineer - FP&A,USA (Phoenix),https://job-boards.eu.greenhouse.io/cognite/jobs/4895978101,True,2026-08-22 06:00:52.222165,2026-09-13 06:01:07.145347
16870,gigaenergy,Sales Engineer - AI Data Center Infrastructure,"Houston, TX. Remote, USA.",https://job-boards.greenhouse.io/gigaenergy/jobs/5208951008,True,2026-09-04 06:00:10.788339,2026-09-13 06:00:12.689469
14636,eclinicalsolutions,Senior Clinical Data Manager,Remote,https://job-boards.greenhouse.io/eclinicalsolutions/jobs/5223747007,True,2026-08-28 06:00:27.813799,2026-09-13 06:00:28.137481
5784,speechify,"Software Engineer, Data Infrastructure & Acquisition - Berkeley, CA, USA","Berkeley, CA, USA",https://job-boards.greenhouse.io/speechify/jobs/5975174004,True,2026-07-30 03:12:55.217548,2026-09-13 06:00:37.509209
5788,speechify,"Software Engineer, Data Infrastructure & Acquisition - Buffalo, NY, USA","Buffalo, NY, USA",https://job-boards.greenhouse.io/speechify/jobs/5975336004,True,2026-07-30 03:12:55.217548,2026-09-13 06:00:37.509209
5795,speechify,"Software Engineer, Data Infrastructure & Acquisition - Chicago, IL, USA","Chicago, IL, USA",https://job-boards.greenhouse.io/speechify/jobs/5975129004,True,2026-07-30 03:12:55.217548,2026-09-13 06:00:37.509209
5799,speechify,"Software Engineer, Data Infrastructure & Acquisition - Colorado Springs, CO, USA","Colorado Springs, CO, USA",https://job-boards.greenhouse.io/speechify/jobs/5975297004,True,2026-07-30 03:12:55.217548,2026-09-13 06:00:37.509209
5803,speechify,"Software Engineer, Data Infrastructure & Acquisition - Dallas, TX, USA","Dallas, TX, USA",https://job-boards.greenhouse.io/speechify/jobs/5976292004,True,2026-07-30 03:12:55.217548,2026-09-13 06:00:37.509209
849,speechify,"Software Engineer, Data Infrastructure & Acquisition - El Paso, TX, USA","El Paso, TX, USA",https://job-boards.greenhouse.io/speechify/jobs/5975307004,True,2026-07-24 05:24:56.097273,2026-09-13 06:00:37.509209
15114,abclegalservices,"Data Entry Specialist, Remote ",Alabama US (Remote) ,https://www.abclegal.com/job-openings/job?id=7978637003&gh_jid=7978637003,True,2026-08-28 06:00:56.752385,2026-09-13 06:00:56.529163
15100,abclegalservices,"Data Entry Specialist, Remote ",Kentucky US (Remote) ,https://www.abclegal.com/job-openings/job?id=7978643003&gh_jid=7978643003,True,2026-08-28 06:00:56.752385,2026-09-13 06:00:56.529163
15101,abclegalservices,"Data Entry Specialist, Remote ",Kansas US (Remote) ,https://www.abclegal.com/job-openings/job?id=7978642003&gh_jid=7978642003,True,2026-08-28 06:00:56.752385,2026-09-13 06:00:56.529163
15103,abclegalservices,"Data Entry Specialist, Remote ",Iowa US (Remote) ,https://www.abclegal.com/job-openings/job?id=7978641003&gh_jid=7978641003,True,2026-08-28 06:00:56.752385,2026-09-13 06:00:56.529163
15098,abclegalservices,"Data Entry Specialist, Remote ",Virginia US (Remote) ,https://www.abclegal.com/job-openings/job?id=7978652003&gh_jid=7978652003,True,2026-08-28 06:00:56.752385,2026-09-13 06:00:56.529163
13673,myriad360,Data Center Field Superintendent ,Remote,https://boards.greenhouse.io/myriad360/jobs/8720438002?gh_jid=8720438002,True,2026-08-25 06:00:03.726735,2026-09-13 06:00:05.303684
14469,veeamsoftware,Sales Specialist - Data & AI Security,"Remote, Massachusetts, USA",https://job-boards.eu.greenhouse.io/veeamsoftware/jobs/4961623101,True,2026-08-28 06:00:08.740746,2026-09-13 06:00:10.107671
14468,veeamsoftware,Sales Specialist - Data & AI Security,"New York City, NY, USA",https://job-boards.eu.greenhouse.io/veeamsoftware/jobs/4960546101,True,2026-08-28 06:00:08.740746,2026-09-13 06:00:10.107671
14466,veeamsoftware,Sales Specialist - Data & AI Security,"Remote, Illinois, USA",https://job-boards.eu.greenhouse.io/veeamsoftware/jobs/4961624101,True,2026-08-28 06:00:08.740746,2026-09-13 06:00:10.107671
14474,veeamsoftware,"Solutions Engineer, Veeam Data Cloud Vault","Remote, France",https://job-boards.eu.greenhouse.io/veeamsoftware/jobs/4944762101,True,2026-08-28 06:00:08.740746,2026-09-13 06:00:10.107671
16939,databricks,Specialist Solutions Architect - Data Engineering & Warehousing (Digital Native Business) ,United States,https://databricks.com/company/careers/open-positions/job?gh_jid=8761732002,True,2026-09-04 06:00:20.557604,2026-09-13 06:00:24.394063
14638,adaptivebiotechnologies,Client Data Management Specialist,Remote (WFH),https://www.adaptivebiotech.com/career-listings/listing?gh_jid=8731888002,True,2026-08-28 06:00:27.924858,2026-09-13 06:00:28.414040
11693,olsson,Senior Electrical Engineer - SCCAF - Data Centers,Remote,https://job-boards.greenhouse.io/olsson/jobs/5391607008,True,2026-08-16 06:00:24.959461,2026-09-13 06:00:34.413867
5828,speechify,"Software Engineer, Data Infrastructure & Acquisition - Milwaukee, WI, USA","Milwaukee, WI, USA",https://job-boards.greenhouse.io/speechify/jobs/5975318004,True,2026-07-30 03:12:55.217548,2026-09-13 06:00:37.509209
5829,speechify,"Software Engineer, Data Infrastructure & Acquisition - Mountain View, CA, USA","Mountain View, CA, USA",https://job-boards.greenhouse.io/speechify/jobs/5975162004,True,2026-07-30 03:12:55.217548,2026-09-13 06:00:37.509209
5867,speechify,"Software Engineer, Data Infrastructure & Acquisition - Seattle, WA, USA","Seattle, WA, USA",https://job-boards.greenhouse.io/speechify/jobs/5975123004,True,2026-07-30 03:12:55.217548,2026-09-13 06:00:37.509209
15102,abclegalservices,"Data Entry Specialist, Remote ",South Carolina US (Remote) ,https://www.abclegal.com/job-openings/job?id=7978651003&gh_jid=7978651003,True,2026-08-28 06:00:56.752385,2026-09-13 06:00:56.529163
13700,roblox,"Senior Data Scientist, Consumer Apps","San Mateo, CA, United States",https://careers.roblox.com/jobs/8127054?gh_jid=8127054,True,2026-08-25 06:00:06.862656,2026-09-13 06:00:09.629293
13741,gigaenergy,Director of Data Center Operations,"Remote, USA",https://job-boards.greenhouse.io/gigaenergy/jobs/5400014008,True,2026-08-25 06:00:09.953591,2026-09-13 06:00:12.689469
13861,sonymusicentertainment,"Senior Software Engineer, Data Ops - PDEGO   ","United States, New York, New York",https://job-boards.greenhouse.io/sonymusicentertainment/jobs/8730207002,True,2026-08-25 06:00:23.397132,2026-09-13 06:00:27.451369
13899,stitchfix,"Director, Data Science & Algorithms - CX Product Experiences",Remote,https://www.stitchfix.com/careers/jobs?gh_jid=8153006&gh_jid=8153006,True,2026-08-25 06:00:27.274828,2026-09-13 06:00:31.803298
13965,neuraflash,"Salesforce Technical Architect, Data & AI","Remote - India (Bengaluru, Chennai, Gurugram, Hyderabad, Noida, or Pune Only)",https://job-boards.greenhouse.io/neuraflash/jobs/6151412004,True,2026-08-25 06:00:31.278471,2026-09-13 06:00:35.406990
13968,gmrmarketing,"Director of Operations, Data Science",Remote - GMR,https://gmrmarketing.com/about/careers/corporate-job-board/agency-position?gh_jid=5217595008,True,2026-08-25 06:00:32.018721,2026-09-13 06:00:36.163380
909,speechify,"Software Engineer, Data Infrastructure & Acquisition - Tucson, AZ, USA","Tucson, AZ, USA",https://job-boards.greenhouse.io/speechify/jobs/5975305004,True,2026-07-24 05:24:56.097273,2026-09-13 06:00:37.509209
15099,abclegalservices,"Data Entry Specialist, Remote ",Louisiana US (Remote) ,https://www.abclegal.com/job-openings/job?id=7978644003&gh_jid=7978644003,True,2026-08-28 06:00:56.752385,2026-09-13 06:00:56.529163
5855,speechify,"Software Engineer, Data Infrastructure & Acquisition - Salt Lake City, UT, USA","Salt Lake City, UT, USA",https://job-boards.greenhouse.io/speechify/jobs/5975152004,True,2026-07-30 03:12:55.217548,2026-09-13 06:00:37.509209
8872,speechify,"Software Engineer, Data Infrastructure & Acquisition - St. Petersburg, FL, USA","St. Petersburg, FL, USA",https://job-boards.greenhouse.io/speechify/jobs/5975323004,True,2026-08-04 06:00:31.217594,2026-09-13 06:00:37.509209
5873,speechify,"Software Engineer, Data Infrastructure & Acquisition - Sunnyvale, CA, USA","Sunnyvale, CA, USA",https://job-boards.greenhouse.io/speechify/jobs/5975168004,True,2026-07-30 03:12:55.217548,2026-09-13 06:00:37.509209
5874,speechify,"Software Engineer, Data Infrastructure & Acquisition - Tacoma, WA, USA","Tacoma, WA, USA",https://job-boards.greenhouse.io/speechify/jobs/5975283004,True,2026-07-30 03:12:55.217548,2026-09-13 06:00:37.509209
910,speechify,"Software Engineer, Data Infrastructure & Acquisition - Tulsa, OK, USA","Tulsa, OK, USA",https://job-boards.greenhouse.io/speechify/jobs/5975333004,True,2026-07-24 05:24:56.097273,2026-09-13 06:00:37.509209
15107,abclegalservices,"Data Entry Specialist, Remote ",Michigan US (Remote) ,https://www.abclegal.com/job-openings/job?id=7978645003&gh_jid=7978645003,True,2026-08-28 06:00:56.752385,2026-09-13 06:00:56.529163
15108,abclegalservices,"Data Entry Specialist, Remote ",North Carolina US (Remote) ,https://www.abclegal.com/job-openings/job?id=7978648003&gh_jid=7978648003,True,2026-08-28 06:00:56.752385,2026-09-13 06:00:56.529163
15283,coherehealth,"Senior Manager, Data Platform Engineering",United States,https://job-boards.greenhouse.io/coherehealth/jobs/7979875003,True,2026-08-31 06:00:16.729901,2026-09-13 06:00:12.769498
8728,olsson,Senior Electrical Engineer - Data Centers (Remote),Remote,https://job-boards.greenhouse.io/olsson/jobs/5377891008,True,2026-08-04 06:00:28.227930,2026-09-13 06:00:34.413867
4211,olsson,Traffic Engineer (EIT) - Data Center,Arizona - Remote; Arkansas - Remote; Iowa - Remote; Kansas - Remote; Louisiana - Remote; Missouri - Remote; Nebraska - Remote; Oklahoma - Remote; Texas - Remote,https://job-boards.greenhouse.io/olsson/jobs/5370705008,True,2026-07-25 06:00:23.751224,2026-09-13 06:00:34.413867
847,speechify,"Software Engineer, Data Infrastructure & Acquisition - Denver, CO, USA","Denver, CO, USA",https://job-boards.greenhouse.io/speechify/jobs/5976288004,True,2026-07-24 05:24:56.097273,2026-09-13 06:00:37.509209
878,speechify,"Software Engineer, Data Infrastructure & Acquisition - Palo Alto, CA, USA","Palo Alto, CA, USA",https://job-boards.greenhouse.io/speechify/jobs/5975121004,True,2026-07-24 05:24:56.097273,2026-09-13 06:00:37.509209
5859,speechify,"Software Engineer, Data Infrastructure & Acquisition - San Francisco, CA, USA","San Francisco, CA, USA",https://job-boards.greenhouse.io/speechify/jobs/5976298004,True,2026-07-30 03:12:55.217548,2026-09-13 06:00:37.509209
908,speechify,"Software Engineer, Data Infrastructure & Acquisition - Syracuse, NY, USA","Syracuse, NY, USA",https://job-boards.greenhouse.io/speechify/jobs/5975340004,True,2026-07-24 05:24:56.097273,2026-09-13 06:00:37.509209
13603,phdata,Senior Data Engineer,LATAM - Remote,https://www.phdata.io/jobs?gh_jid=8095016,True,2026-08-22 06:00:44.566716,2026-09-10 06:01:39.432808
16015,robotsandpencils,Staff Data Engineer,"Bogota, Colombia / Argentina (Remote Friendly)",https://job-boards.greenhouse.io/robotsandpencils/jobs/5409621008,True,2026-09-01 06:00:05.914633,2026-09-13 06:00:06.214165
16062,aperiasolutions,Senior Data Platform Engineer ,"Dallas, Texas, United States",https://job-boards.greenhouse.io/aperiasolutions/jobs/5224542007,True,2026-09-01 06:00:11.175696,2026-09-13 06:00:10.715062
857,speechify,"Software Engineer, Data Infrastructure & Acquisition - Indianapolis, IN, USA","Indianapolis, IN, USA",https://job-boards.greenhouse.io/speechify/jobs/5975201004,True,2026-07-24 05:24:56.097273,2026-09-13 06:00:37.509209
863,speechify,"Software Engineer, Data Infrastructure & Acquisition - Lausanne, Switzerland","Lausanne, Switzerland",https://job-boards.greenhouse.io/speechify/jobs/5975369004,True,2026-07-24 05:24:56.097273,2026-09-13 06:00:37.509209
865,speechify,"Software Engineer, Data Infrastructure & Acquisition - Los Angeles, CA, USA","Los Angeles, CA, USA",https://job-boards.greenhouse.io/speechify/jobs/5975127004,True,2026-07-24 05:24:56.097273,2026-09-13 06:00:37.509209
874,speechify,"Software Engineer, Data Infrastructure & Acquisition - Oakland, CA, USA","Oakland, CA, USA",https://job-boards.greenhouse.io/speechify/jobs/5975172004,True,2026-07-24 05:24:56.097273,2026-09-13 06:00:37.509209
876,speechify,"Software Engineer, Data Infrastructure & Acquisition - Omaha, NE, USA","Omaha, NE, USA",https://job-boards.greenhouse.io/speechify/jobs/5975328004,True,2026-07-24 05:24:56.097273,2026-09-13 06:00:37.509209
11290,zscaler,"Senior Specialist Sales Engineer, Data Security - Enterprise, Central","Remote - Illinois, USA; Remote - Michigan, USA; Remote - Missouri, USA; Remote - Ohio, USA",https://job-boards.greenhouse.io/zscaler/jobs/5196235007,True,2026-08-13 06:00:44.207869,2026-09-13 06:00:55.349929
1174,babylist,Senior Data Engineer,United States ,https://job-boards.greenhouse.io/babylist/jobs/6100946004,True,2026-07-24 05:25:17.186165,2026-09-13 06:01:03.422824
820,speechify,"Software Engineer, Data Infrastructure & Acquisition - Bellevue, WA, USA","Bellevue, WA, USA",https://job-boards.greenhouse.io/speechify/jobs/5976294004,True,2026-07-24 05:24:56.097273,2026-09-13 06:00:37.509209
838,speechify,"Software Engineer, Data Infrastructure & Acquisition - Chicago, IL, USA","Chicago, IL, USA",https://job-boards.greenhouse.io/speechify/jobs/5976289004,True,2026-07-24 05:24:56.097273,2026-09-13 06:00:37.509209
844,speechify,"Software Engineer, Data Infrastructure & Acquisition - Cupertino, CA, USA","Cupertino, CA, USA",https://job-boards.greenhouse.io/speechify/jobs/5975166004,True,2026-07-24 05:24:56.097273,2026-09-13 06:00:37.509209
11949,newrelic,Associate Software Engineer - Java (Distributed Systems and Databases),"Portland, Oregon, USA",https://job-boards.greenhouse.io/newrelic/jobs/5390637008,True,2026-08-16 06:00:36.046194,2026-09-13 06:00:47.559655
